date,open,close,high,low
2022-07-19,4624.276,4611.693,4626.255,4577.635
2022-07-20,4632.675,4636.849,4653.595,4620.22
2022-07-21,4623.987,4586.654,4635.777,4586.648
2022-07-22,4600.614,4578.09,4622.782,4543.467
2022-07-25,4575.924,4546.829,4580.527,4534.979
2022-07-26,4554.325,4587.687,4601.117,4545.906
2022-07-27,4578.543,4574.925,4587.893,4560.933
2022-07-28,4594.162,4578.282,4620.285,4574.591
2022-07-29,4580.383,4523.315,4595.556,4514.31
2022-08-01,4515.471,4547.929,4554.199,4482.881
2022-08-02,4501.344,4449.747,4501.344,4407.366
2022-08-03,4456.401,4408.935,4500.568,4399.463
2022-08-04,4433.707,4443.264,4451.507,4399.223
2022-08-05,4452.849,4508.35,4511.02,4441.116
2022-08-08,4495.571,4510.499,4511.648,4489.261
2022-08-09,4505.305,4520.48,4523.813,4492.712
2022-08-10,4512.908,4479.036,4527.784,4461.017
2022-08-11,4501.06,4568.304,4568.304,4487.745
2022-08-12,4559.139,4563.058,4576.496,4551.736
2022-08-15,4551.264,4562.502,4590.261,4544.566
2022-08-16,4567.161,4560.088,4589.485,4552.059
2022-08-17,4565.383,4597.051,4603.04,4535.225
2022-08-18,4585.774,4562.578,4590.401,4555.782
2022-08-19,4558.05,4525.168,4568.27,4525.168
2022-08-22,4510.337,4564.326,4565.047,4506.49
2022-08-23,4557.314,4546.634,4567.578,4530.272
2022-08-24,4553.511,4450.069,4557.952,4446.197
2022-08-25,4462.249,4484.452,4487.845,4420.752
2022-08-26,4495.388,4473.027,4513.544,4467.092
2022-08-29,4422.27,4460.462,4461.902,4417.299
2022-08-30,4459.504,4444.903,4464.116,4418.986
2022-08-31,4426.066,4424.209,4466.891,4394.046
2022-09-01,4413.447,4390.409,4443.14,4386.882
2022-09-02,4400.988,4378.016,4403.708,4358.319
2022-09-05,4366.931,4377.247,4377.247,4341.287
2022-09-06,4387.448,4426.707,4428.11,4373.439
2022-09-07,4406.906,4430.691,4443.164,4401.286
2022-09-08,4433.813,4411.415,4442.458,4409.088
2022-09-09,4422.535,4465.101,4469.782,4415.53
2022-09-13,4483.158,4476.296,4495.845,4465.049
2022-09-14,4417.768,4429.976,4453.343,4408.963
2022-09-15,4446.247,4373.467,4452.768,4340.793
2022-09-16,4359.506,4269.118,4365.358,4269.118
2022-09-19,4264.46,4257.937,4286.082,4237.82
2022-09-20,4278.778,4269.917,4297.03,4257.852
2022-09-21,4257.813,4249.779,4269.268,4219.839
2022-09-22,4219.269,4219.454,4253.326,4208.424
2022-09-23,4215.136,4195.005,4238.728,4164.715
2022-09-26,4164.893,4164.397,4230.895,4159.709
2022-09-27,4173.496,4230.027,4230.027,4160.085
2022-09-28,4217.756,4151.347,4217.756,4150.975
2022-09-29,4189.971,4150.489,4202.834,4129.903
2022-09-30,4154.179,4122.035,4173.538,4121.344
2022-10-10,4126.194,4039.581,4127.884,4032.672
2022-10-11,4049.83,4053.773,4066.459,4022.368
2022-10-12,4049.101,4124.172,4124.172,3983.84
2022-10-13,4095.933,4100.114,4133.45,4089.568
2022-10-14,4131.622,4198.864,4219.674,4129.969
2022-10-17,4178.609,4209.583,4213.542,4167.842
2022-10-18,4228.177,4206.509,4236.154,4197.209
2022-10-19,4195.225,4144.925,4208.172,4144.925
2022-10-20,4115.275,4123.046,4178.525,4089.872
2022-10-21,4124.041,4114.652,4141.612,4096.733
2022-10-24,4104.503,4014.598,4148.939,3996.855
2022-10-25,3999.413,4004.941,4050.029,3963.197
2022-10-26,4009.951,4047.093,4090.808,4009.951
2022-10-27,4057.066,4024.542,4075.62,4024.542
2022-10-28,3996.185,3918.997,4008.077,3908.947
2022-10-31,3882.411,3896.874,3942.653,3876.591
2022-11-01,3907.209,4023.124,4023.124,3902.698
2022-11-02,4009.101,4068.815,4095.258,4001.114
2022-11-03,4032.608,4044.213,4063.696,4022.741
2022-11-04,4043.221,4165.891,4182.44,4043.221
2022-11-07,4155.526,4173.934,4192.218,4143.139
2022-11-08,4172.329,4151.465,4175.48,4123.434
2022-11-09,4153.773,4120.467,4164.327,4117.841
2022-11-10,4090.929,4091.601,4109.632,4069.816
2022-11-11,4198.662,4184.163,4231.518,4154.558
2022-11-14,4208.685,4187.094,4240.127,4173.317
2022-11-15,4182.155,4264.836,4268.579,4171.503
2022-11-16,4261.015,4233.284,4279.132,4227.244
2022-11-17,4218.8,4222.815,4222.815,4176.382
2022-11-18,4226.29,4204.315,4246.005,4203.256
2022-11-21,4170.43,4177.496,4179.087,4138.472
2022-11-22,4172.956,4166.414,4211.648,4151.9
2022-11-23,4156.797,4167.899,4186.639,4138.885
2022-11-24,4184.554,4155.048,4199.613,4148.709
2022-11-25,4146.099,4164.795,4179.572,4134.934
2022-11-28,4088.847,4124.288,4127.244,4059.327
2022-11-29,4154.361,4237.596,4244.527,4154.361
2022-11-30,4226.661,4239.995,4252.517,4217.98
2022-12-01,4305.51,4279.38,4325.752,4278.939
2022-12-02,4271.098,4256.723,4285.028,4250.158
2022-12-05,4292.708,4327.065,4328.128,4285.294
2022-12-06,4310.241,4343.774,4365.054,4303.911
2022-12-07,4332.02,4334.523,4375.188,4319.429
2022-12-08,4329.383,4331.972,4345.215,4314.263
2022-12-09,4334.18,4364.923,4372.757,4316.663
2022-12-12,4345.043,4321.828,4347.313,4318.481
2022-12-13,4321.718,4309.503,4328.085,4303.566
2022-12-14,4315.396,4312.344,4332.227,4301.746
2022-12-15,4311.029,4311.001,4319.447,4287.409
2022-12-16,4288.746,4307.522,4314.933,4281.121
2022-12-19,4303.797,4233.281,4315.571,4216.923
2022-12-20,4220.392,4170.663,4220.449,4153.325
2022-12-21,4178.97,4166.024,4193.366,4154.146
2022-12-22,4193.215,4158.292,4213.12,4143.314
2022-12-23,4133.592,4149.107,4171.785,4129.643
2022-12-26,4152.052,4176.036,4188.146,4152.052
2022-12-27,4192.775,4219.673,4223.751,4188.412
2022-12-28,4206.245,4201.95,4217.065,4186.297
2022-12-29,4184.859,4189.307,4204.943,4171.8
2022-12-30,4206.516,4202.681,4218.75,4198.946
2023-01-03,4196.647,4232.513,4238.888,4167.433
2023-01-04,4230.561,4235.972,4248.976,4215.295
2023-01-05,4253.874,4307.761,4313.738,4252.727
2023-01-06,4307.4,4318.153,4340.897,4304.704
2023-01-09,4335.271,4349.199,4362.608,4331.153
2023-01-10,4351.331,4354.232,4365.641,4336.732
2023-01-11,4356.319,4341.985,4378.994,4338.57
2023-01-12,4353.006,4348.535,4363.558,4333.605
2023-01-13,4363.059,4402.001,4402.001,4357.893
2023-01-16,4406.881,4465.952,4505.048,4405.737
2023-01-17,4467.312,4466.546,4476.258,4446.867
2023-01-18,4470.146,4464.369,4481.005,4459.147
2023-01-19,4459.471,4494.803,4494.803,4442.218
2023-01-20,4505.342,4524.046,4530.026,4501.869
2023-01-30,4608.395,4545.9,4610.496,4542.563
2023-01-31,4542.177,4510.957,4556.801,4507.138
2023-02-01,4523.769,4556.577,4556.577,4497.269
2023-02-02,4569.038,4545.384,4569.038,4532.752
2023-02-03,4527.093,4508.577,4527.093,4463.559
2023-02-06,4472.68,4456.723,4476.641,4434.218
2023-02-07,4467.233,4465.394,4475.386,4444.297
2023-02-08,4470.36,4441.824,4480.09,4438.369
2023-02-09,4432.7,4501.839,4501.839,4429.967
2023-02-10,4495.355,4478.269,4499.725,4460.492
2023-02-13,4472.068,4517.467,4520.271,4466.557
2023-02-14,4525.645,4521.297,4527.301,4500.073
2023-02-15,4522.866,4501.468,4529.815,4492.848
2023-02-16,4502.835,4459.73,4544.916,4431.752
2023-02-17,4453.02,4402.499,4472.112,4401.351
2023-02-20,4408.892,4502.423,4504.142,4402.582
2023-02-21,4500.349,4518.025,4526.395,4487.009
2023-02-22,4491.754,4486.228,4512.855,4479.153
2023-02-23,4486.037,4480.865,4510.754,4462.93
2023-02-24,4480.048,4442.835,4481.263,4426.732
2023-02-27,4422.123,4422.78,4449.145,4414.032
2023-02-28,4437.375,4452.687,4455.958,4406.306
2023-03-01,4451.911,4507.344,4515.626,4442.904
2023-03-02,4501.011,4496.265,4515.14,4491.864
2023-03-03,4503.301,4508.11,4513.163,4475.848
2023-03-06,4510.016,4491.569,4511.409,4469.274
2023-03-07,4486.238,4422.658,4504.253,4420.908
2023-03-08,4404.376,4413.862,4416.796,4389.746
2023-03-09,4417.003,4399.485,4421.662,4379.142
2023-03-10,4370.509,4342.043,4379.614,4341.098
2023-03-13,4335.686,4382.984,4382.984,4335.686
2023-03-14,4374.531,4353.431,4374.531,4311.623
2023-03-15,4379.33,4361.641,4391.41,4360.926
2023-03-16,4332.328,4307.714,4354.204,4304.277
2023-03-17,4339.702,4331.354,4376.382,4318.012
2023-03-20,4336.683,4311.213,4351.009,4306.777
2023-03-21,4320.665,4359.81,4360.052,4320.665
2023-03-22,4370.807,4380.012,4392.863,4364.786
2023-03-23,4366.179,4418.672,4418.672,4363.448
2023-03-24,4416.703,4409.711,4419.198,4396.107
2023-03-27,4405.658,4398.19,4405.658,4369.224
2023-03-28,4401.34,4381.925,4408.388,4376.652
2023-03-29,4394.422,4383.764,4398.069,4369.338
2023-03-30,4385.997,4414.648,4416.349,4357.31
2023-03-31,4420.016,4434.458,4441.345,4417.712
2023-04-03,4442.752,4480.03,4484.568,4442.752
2023-04-04,4479.182,4489.286,4489.286,4464.921
2023-04-06,4469.978,4485.499,4488.894,4464.921
2023-04-07,4485.968,4515.741,4521.513,4481.968
2023-04-10,4524.717,4490.963,4524.922,4483.605
2023-04-11,4493.062,4489.073,4499.423,4469.683
2023-04-12,4489.952,4490.868,4500.978,4481.367
2023-04-13,4477.034,4460.883,4485.475,4451.697
2023-04-14,4471.825,4484.333,4489.692,4464.215
2023-04-17,4481.279,4535.923,4535.923,4480.571
2023-04-18,4525.857,4544.455,4550.255,4524.713
2023-04-19,4541.412,4508.125,4541.412,4501.194
2023-04-20,4505.333,4497.831,4507.772,4477.008
2023-04-21,4498.794,4403.317,4498.794,4403.273
2023-04-24,4402.371,4355.306,4405.503,4339.669
2023-04-25,4356.721,4322.599,4360.585,4278.712
2023-04-26,4308.357,4324.204,4343.704,4295.698
2023-04-27,4312.494,4350.695,4364.67,4307.889
2023-04-28,4353.46,4398.803,4400.425,4353.46
2023-05-04,4382.882,4403.603,4407.924,4374.32
2023-05-05,4403.066,4381.492,4414.581,4362.517
2023-05-08,4390.955,4427.288,4430.801,4384.679
2023-05-09,4428.451,4386.983,4453.842,4385.341
2023-05-10,4376.233,4360.42,4378.137,4344.476
2023-05-11,4369.795,4351.867,4377.995,4349.523
2023-05-12,4346.687,4297.607,4362.394,4296.792
2023-05-15,4299.025,4359.415,4359.415,4275.874
2023-05-16,4362.316,4333.815,4363.325,4322.149
2023-05-17,4326.207,4321.28,4342.089,4304.51
2023-05-18,4327.521,4319.089,4344.81,4301.13
2023-05-19,4309.054,4307.738,4331.958,4291.123
2023-05-22,4303.919,4327.457,4343.775,4296.721
2023-05-23,4326.372,4270.568,4328.765,4270.568
2023-05-24,4259.353,4218.303,4261.394,4218.303
2023-05-25,4211.068,4208.136,4222.467,4170.507
2023-05-26,4205.529,4217.056,4225.162,4175.281
2023-05-29,4228.171,4201.506,4234.173,4188.071
2023-05-30,4193.483,4211.198,4211.685,4153.629
2023-05-31,4199.475,4177.026,4199.475,4156.481
2023-06-01,4165.504,4184.425,4212.278,4161.548
2023-06-02,4198.264,4238.696,4242.867,4198.264
2023-06-05,4237.098,4222.995,4237.098,4209.786
2023-06-06,4218.387,4173.033,4238.39,4166.25
2023-06-07,4178.748,4158.471,4186.667,4147.882
2023-06-08,4157.084,4179.597,4195.984,4139.736
2023-06-09,4181.86,4200.892,4200.892,4171.398
2023-06-12,4191.5,4210.471,4225.928,4178.675
2023-06-13,4203.356,4229.972,4232.388,4199.207
2023-06-14,4236.7,4229.269,4253.786,4227.39
2023-06-15,4236.504,4288.508,4288.508,4236.504
2023-06-16,4293.545,4328.454,4332.545,4293.163
2023-06-19,4323.526,4299.267,4323.526,4291.955
2023-06-20,4293.792,4292.923,4306.777,4283.531
2023-06-21,4276.693,4219.412,4285.441,4219.412
2023-06-26,4186.778,4156.452,4194.295,4148.452
2023-06-27,4160.03,4196.507,4202.752,4156.115
2023-06-28,4188.969,4191.723,4198.175,4149.818
2023-06-29,4185.929,4176.148,4195.811,4170.09
2023-06-30,4170.102,4203.505,4220.865,4167.32
2023-07-03,4214.182,4252.163,4258.021,4214.182
2023-07-04,4248.336,4259.495,4260.819,4238.914
2023-07-05,4255.512,4228.806,4258.43,4223.559
2023-07-06,4217.447,4201.864,4238.836,4195.868
2023-07-07,4190.183,4183.146,4204.588,4175.115
2023-07-10,4199.43,4202.338,4222.884,4188.061
2023-07-11,4211.206,4230.912,4231.545,4200.903
2023-07-12,4227.243,4197.641,4233.646,4193.355
2023-07-13,4211.825,4256.946,4259.88,4211.825
2023-07-14,4263.567,4254.985,4266.524,4251.89
2023-07-17,4237.629,4225.987,4237.629,4209.392
2023-07-18,4229.711,4214.123,4230.925,4202.868
2023-07-19,4208.293,4209.291,4221.006,4187.19
2023-07-20,4215.484,4174.842,4232.149,4169.89
2023-07-21,4167.379,4173.432,4201.04,4160.214
2023-07-24,4156.26,4158.348,4184.263,4149.825
2023-07-25,4218.946,4265.305,4265.726,4218.946
2023-07-26,4259.372,4255.989,4262.567,4241.942
2023-07-27,4261.301,4244.762,4281.622,4237.15
2023-07-28,4231.831,4332.715,4340.399,4228.273
2023-07-31,4356.703,4358.667,4402.19,4346.133
2023-08-01,4354.034,4347.251,4376.188,4331.418
2023-08-02,4335.356,4320.662,4357.784,4308.452
2023-08-03,4311.668,4352.836,4352.952,4309.008
2023-08-04,4381.055,4370.919,4406.348,4359.643
2023-08-07,4354.387,4339.425,4354.387,4325.634
2023-08-08,4328.8,4326.477,4347.825,4309.532
2023-08-09,4313.432,4308.474,4327.078,4302.351
2023-08-10,4303.129,4316.88,4318.95,4286.686
2023-08-11,4318.396,4221.344,4318.396,4221.344
2023-08-14,4177.388,4199.162,4202.45,4150.091
2023-08-15,4201.692,4184.767,4207.408,4147.73
2023-08-16,4168.201,4153.446,4191.714,4153.13
2023-08-17,4135.152,4171.338,4176.625,4114.475
2023-08-18,4172.567,4115.553,4184.062,4115.553
2023-08-21,4104.446,4059.316,4118.514,4059.316
2023-08-22,4078.379,4088.003,4099.809,4027.497
2023-08-23,4081.204,4017.773,4081.319,4016.685
2023-08-24,4033.633,4043.633,4073.041,4019.965
2023-08-25,4022.436,4018.916,4047.142,4004.391
2023-08-28,4238.239,4065.555,4238.239,4053.748
2023-08-29,4055.424,4119.082,4135.909,4053.849
2023-08-30,4131.403,4118.692,4146.319,4108.062
2023-08-31,4116.64,4093.364,4123.383,4088.809
2023-09-01,4105.648,4116.587,4133.616,4103.852
2023-09-04,4137.821,4177.462,4180.755,4128.721
2023-09-05,4168.099,4146.81,4168.099,4140.679
2023-09-06,4133.853,4140.444,4145.905,4115.754
2023-09-07,4131.015,4081.105,4131.015,4079.804
2023-09-08,4069.052,4067.319,4080.257,4051.267
2023-09-11,4070.459,4101.726,4123.377,4062.351
2023-09-12,4099.098,4095.441,4111.141,4089.865
2023-09-13,4093.51,4065.882,4101.353,4046.65
2023-09-14,4065.977,4060.892,4076.321,4043.647
2023-09-15,4069.377,4041.453,4078.301,4029.536
2023-09-18,4030.049,4059.478,4068.786,4020.054
2023-09-19,4054.88,4047.792,4054.88,4030.501
2023-09-20,4042.288,4029.041,4045.455,4029.041
2023-09-21,4020.777,3995.043,4033.766,3995.043
2023-09-22,3994.26,4064.651,4065.836,3987.403
2023-09-25,4063.226,4039.115,4063.226,4035.233
2023-09-26,4035.743,4017.933,4048.119,4017.933
2023-09-27,4018.808,4029.177,4058.647,4018.808
2023-09-28,4040.265,4023.378,4046.119,4017.665
2023-10-09,4012.794,4013.473,4023.853,3974.699
2023-10-10,4024.156,3986.124,4030.293,3984.359
2023-10-11,4001.924,3994.407,4019.787,3984.871
2023-10-12,4023.649,4030.196,4037.558,4009.071
2023-10-13,4005.684,3991.741,4005.832,3979.829
2023-10-16,3992.232,3952.349,3992.232,3939.7
2023-10-17,3960.184,3965.373,3970.019,3944.115
2023-10-18,3956.938,3929.079,3956.938,3926.892
2023-10-19,3906.166,3855.847,3908.986,3855.103
2023-10-20,3839.805,3829.901,3858.548,3821.423
2023-10-23,3817.257,3775.982,3818.608,3754.27
2023-10-24,3785.983,3797.761,3806.162,3759.789
2023-10-25,3834.056,3816.15,3846.414,3814.97
2023-10-26,3795.712,3828.191,3830.398,3787.819
2023-10-27,3815.587,3884.251,3899.55,3809.212
2023-10-30,3876.214,3911.523,3921.079,3875.878
2023-10-31,3910.008,3899.095,3910.404,3880.74
2023-11-01,3927.105,3894.527,3927.643,3887.03
2023-11-02,3902.649,3871.63,3918.292,3870.995
2023-11-03,3875.624,3905.158,3919.051,3875.624
2023-11-06,3931.831,3961.703,3964.986,3926.207
2023-11-07,3952.638,3952.471,3963.097,3936.456
2023-11-08,3943.627,3944.905,3962.518,3923.783
2023-11-09,3937.47,3943.367,3960.283,3932.746
2023-11-10,3927.151,3918.652,3928.477,3906.168
2023-11-13,3927.58,3918.957,3934.094,3898.162
2023-11-14,3919.84,3925.706,3941.204,3910.933
2023-11-15,3962.434,3952.287,3966.661,3941.34
2023-11-16,3943.997,3913.98,3948.376,3913.98
2023-11-17,3903.155,3914.6,3916.432,3890.883
2023-11-20,3916.709,3926.489,3936.331,3892.01
2023-11-21,3937.53,3926.854,3964.317,3921.263
2023-11-22,3914.121,3884.732,3920.325,3884.732
2023-11-23,3881.197,3907.767,3909.096,3869.445
2023-11-24,3906.384,3879.114,3906.384,3873.348
2023-11-27,3874.825,3857.398,3874.825,3837.112
2023-11-28,3855.45,3867.317,3868.685,3842.536
2023-11-29,3867.105,3835.929,3867.423,3830.301
2023-11-30,3832.792,3840.756,3849.1,3823.781
2023-12-01,3838.454,3834.061,3842.613,3800.92
2023-12-04,3834.718,3814.303,3842.144,3814.165
2023-12-05,3803.216,3743.008,3803.216,3742.954
2023-12-06,3735.662,3751.268,3773.614,3731.365
2023-12-07,3745.795,3744.445,3757.665,3721.362
2023-12-08,3745.565,3754.148,3766.469,3737.477
2023-12-11,3732.423,3782.667,3789.506,3699.164
2023-12-12,3774.251,3788.812,3790.243,3770.31
2023-12-13,3780.558,3731.958,3780.558,3731.958
2023-12-14,3750.981,3714.406,3764.933,3713.443
2023-12-15,3727.496,3698.673,3747.573,3695.097
2023-12-18,3686.365,3676.859,3706.495,3669.757
2023-12-19,3673.038,3679.606,3694.067,3656.216
2023-12-20,3680.981,3637.111,3684.306,3637.034
2023-12-21,3623.303,3669.393,3678.598,3620.363
2023-12-22,3668.009,3669.448,3696.928,3649.461
2023-12-25,3662.026,3678.341,3684.019,3660.461
2023-12-26,3676.21,3649.504,3676.313,3638.707
2023-12-27,3651.831,3663.87,3668.829,3634.37
2023-12-28,3662.325,3744.768,3755.09,3657.931
2023-12-29,3740.929,3766.728,3767.621,3739.385
2024-01-02,3763.262,3727.113,3763.262,3727.113
2024-01-03,3719.732,3719.144,3734.118,3701.673
2024-01-04,3715.348,3685.47,3715.348,3663.882
2024-01-05,3679.319,3657.372,3706.813,3640.918
2024-01-08,3649.606,3601.52,3657.435,3601.482
2024-01-09,3603.612,3609.107,3625.557,3589.108
2024-01-10,3598.004,3592.559,3631.166,3578.086
2024-01-11,3590.031,3619.711,3634.315,3583.842
2024-01-12,3608.628,3607.177,3638.737,3605.39
2024-01-15,3592.783,3602.168,3631.557,3584.002
2024-01-16,3594.548,3617.649,3618.516,3573.36
2024-01-17,3608.066,3535.988,3608.066,3535.988
2024-01-18,3518.806,3573.642,3577.424,3465.195
2024-01-19,3560.858,3560.618,3583.162,3548.389
2024-01-22,3552.933,3475.501,3556.801,3449.752
2024-01-23,3465.328,3501.768,3520.115,3441.115
2024-01-24,3516.843,3550.705,3555.6,3450.071
2024-01-25,3548.095,3629.542,3630.717,3541.731
2024-01-26,3613.144,3613.646,3636.145,3600.855
2024-01-29,3615.844,3571.182,3631.319,3571.182
2024-01-30,3549.566,3502.825,3567.165,3501.946
2024-01-31,3486.737,3456.989,3511.644,3447.223
2024-02-01,3441.057,3455.48,3498.984,3426.765
2024-02-02,3458.59,3403.371,3476.172,3322.414
2024-02-05,3384.405,3400.868,3453.079,3296.118
2024-02-06,3379.558,3554.636,3558.974,3376.938
2024-02-07,3558.014,3636.853,3636.853,3540.861
2024-02-08,3647.238,3661.531,3698.536,3638.301
2024-02-19,3698.18,3691.144,3698.18,3654.365
2024-02-20,3677.885,3696.682,3702.378,3660.511
2024-02-21,3672.86,3733.277,3786.465,3663.018
2024-02-22,3727.019,3764.16,3764.16,3722.598
2024-02-23,3770.568,3770.603,3781.81,3744.398
2024-02-26,3766.677,3740.968,3777.624,3730.653
2024-02-27,3726.436,3795.164,3795.164,3722.146
2024-02-28,3799.884,3736.353,3828.219,3736.353
2024-02-29,3720.856,3819.53,3819.53,3720.856
2024-03-01,3819.465,3842.981,3849.794,3804.918
2024-03-04,3844.904,3847.263,3854.629,3818.669
2024-03-05,3828.791,3860.16,3866.51,3822.358
2024-03-06,3849.408,3848.222,3879.693,3833.271
2024-03-07,3846.644,3817.531,3869.38,3814.88
2024-03-08,3818.348,3843.199,3848.228,3801.386
2024-03-11,3842.647,3895.854,3895.854,3841.539
2024-03-12,3899.419,3899.233,3913.063,3875.937
2024-03-13,3897.945,3877.449,3901.245,3865.5
2024-03-14,3876.996,3865.175,3903.226,3844.233
2024-03-15,3856.895,3882.821,3885.318,3835.953
2024-03-18,3891.878,3923.592,3923.937,3887.446
2024-03-19,3912.822,3893.44,3930.25,3893.44
2024-03-20,3884.676,3902.496,3905.955,3882.082
2024-03-21,3910.957,3893.908,3917.137,3887.19
2024-03-22,3883.899,3849.789,3888.633,3826.998
2024-03-25,3840.377,3817.603,3868.983,3817.603
2024-03-26,3817.74,3830.118,3835.341,3801.283
2024-03-27,3825.399,3773.427,3825.55,3773.427
2024-03-28,3769.933,3800.533,3834.589,3766.983
2024-03-29,3796.65,3825.42,3825.653,3796.597
2024-04-01,3841.15,3893.563,3895.942,3841.15
2024-04-02,3890.545,3877.817,3892.871,3864.067
2024-04-03,3874.776,3866.247,3878.996,3856.256
2024-04-08,3851.894,3826.87,3867.094,3826.222
2024-04-09,3823.676,3832.791,3836.521,3810.597
2024-04-10,3827.827,3797.115,3829.231,3779.293
2024-04-11,3775.458,3801.656,3824.273,3775.09
2024-04-12,3803.967,3774.27,3815.298,3768.487
2024-04-15,3771.058,3844.711,3851.572,3766.656
2024-04-16,3826.387,3786.599,3838.179,3784.37
2024-04-17,3788.678,3857.808,3857.957,3781.181
2024-04-18,3841.798,3863.221,3900.157,3838.235
2024-04-19,3842.69,3834.11,3859.638,3820.597
2024-04-22,3824.967,3816.659,3851.945,3814.67
2024-04-23,3810.626,3785.79,3821.24,3778.67
2024-04-24,3792.397,3808.36,3810.429,3776.132
2024-04-25,3795.338,3814.622,3832.28,3790.414
2024-04-26,3815.796,3878.989,3883.637,3815.796
2024-04-29,3879.04,3930.645,3947.737,3877.043
2024-04-30,3925.544,3908.013,3935.527,3908.013
2024-05-06,3958.559,3967.255,3976.453,3953.219
2024-05-07,3967.245,3967.879,3975.994,3955.885
2024-05-08,3959.266,3932.033,3959.266,3930.085
2024-05-09,3932.671,3977.872,3984.238,3932.671
2024-05-10,3982.517,3975.265,3988.502,3948.52
2024-05-13,3953.251,3968.373,3979.206,3938.26
2024-05-14,3971.808,3961.392,3982.735,3950.648
2024-05-15,3955.616,3926.431,3959.631,3923.93
2024-05-16,3937.591,3933.814,3955.682,3925.604
2024-05-17,3931.251,3976.541,3976.541,3921.48
2024-05-20,3980.739,3992.864,4002.246,3976.905
2024-05-21,3983.659,3972.669,3985.605,3960.585
2024-05-22,3970.97,3977.403,3984.548,3962.597
2024-05-23,3964.415,3923.337,3965.021,3915.232
2024-05-24,3911.963,3881.864,3937.403,3880.203
2024-05-27,3888.325,3920.143,3922.351,3878.346
2024-05-28,3916.674,3888.542,3920.738,3884.848
2024-05-29,3887.055,3894.304,3914.72,3881.666
2024-05-30,3886.89,3875.22,3906.58,3867.055
2024-05-31,3880.025,3863.647,3899.254,3863.647
2024-06-03,3860.159,3864.304,3881.4,3841.936
2024-06-04,3858.318,3898.573,3905.828,3854.685
2024-06-05,3891.87,3869.878,3905.665,3869.758
2024-06-06,3878.32,3858.671,3897.611,3849.366
2024-06-07,3864.008,3840.42,3872.919,3815.885
2024-06-11,3820.779,3816.927,3828.163,3796.319
2024-06-12,3812.336,3820.813,3828.89,3807.957
2024-06-13,3823.905,3799.217,3825.609,3792.531
2024-06-14,3787.454,3815.031,3821.916,3777.235
2024-06-17,3794.465,3809.639,3815.338,3793.027
2024-06-18,3807.626,3821.619,3828.512,3807.351
2024-06-19,3820.692,3796.487,3820.763,3793.945
2024-06-20,3792.37,3762.16,3802.716,3759.269
2024-06-21,3753.854,3757.476,3769.338,3736.906
2024-06-24,3734.329,3721.89,3757.053,3718.544
2024-06-25,3719.852,3698.439,3729.197,3678.913
2024-06-26,3692.127,3729.818,3736.34,3679.813
2024-06-27,3715.401,3691.547,3716.036,3690.712
2024-06-28,3680.67,3700.35,3729.872,3680.67
2024-07-01,3697.819,3724.911,3729.031,3684.076
2024-07-02,3719.836,3709.721,3730.141,3701.126
2024-07-03,3708.772,3695.786,3715.192,3688.362
2024-07-04,3700.919,3667.355,3714.964,3666.392
2024-07-05,3664.332,3661.489,3671.11,3623.602
2024-07-08,3651.538,3622.518,3654.874,3615.139
2024-07-09,3616.99,3670.495,3679.824,3601.958
2024-07-10,3655.694,3655.667,3679.146,3649.979
2024-07-11,3684.353,3704.996,3709.895,3670.081
2024-07-12,3696.025,3704.569,3713.301,3692.526
2024-07-15,3693.753,3701.001,3707.566,3690.251
2024-07-16,3692.293,3721.369,3723.083,3689.469
2024-07-17,3717.177,3716.181,3731.138,3704.358
2024-07-18,3695.07,3735.641,3737.336,3684.341
2024-07-19,3714.894,3749.074,3754.526,3708.131
2024-07-22,3748.691,3728.633,3751.534,3706.921
2024-07-23,3723.953,3641.658,3723.953,3641.658
2024-07-24,3633.652,3613.999,3653.661,3605.015
2024-07-25,3598.705,3598.37,3612.736,3583.814
2024-07-26,3602.862,3619.697,3629.178,3596.36
2024-07-29,3616.523,3599.671,3620.112,3598.312
2024-07-30,3588.932,3580.764,3588.932,3563.874
2024-07-31,3575.619,3674.101,3676.046,3575.314
2024-08-01,3676.345,3649.549,3685.815,3646.543
2024-08-02,3622.481,3609.54,3652.05,3605.763
2024-08-05,3585.587,3558.865,3640.054,3558.865
2024-08-06,3586.858,3569.265,3599.022,3540.918
2024-08-07,3565.225,3568.29,3590.443,3554.465
2024-08-08,3558.246,3570.176,3594.189,3542.366
2024-08-09,3586.556,3554.458,3598.12,3554.458
2024-08-12,3550.568,3548.687,3562.379,3541.566
2024-08-13,3550.372,3558.832,3559.238,3529.989
2024-08-14,3557.169,3526.538,3557.169,3526.529
2024-08-15,3518.347,3558.619,3579.006,3514.931
2024-08-16,3559.664,3556.319,3572.408,3548.357
2024-08-19,3554.46,3567.759,3591.455,3554.006
2024-08-20,3571.752,3533.138,3572.636,3522.165
2024-08-21,3522.871,3521.478,3539.731,3511.783
2024-08-22,3522.914,3504.589,3527.821,3500.617
2024-08-23,3497.057,3516.546,3526.041,3496.871
2024-08-26,3520.455,3515.533,3526.075,3502.392
2024-08-27,3506.466,3491.196,3508.716,3485.036
2024-08-28,3484.388,3476.989,3493.458,3465.501
2024-08-29,3463.524,3480.783,3493.745,3460.519
2024-08-30,3477.561,3531.065,3567.07,3477.561
2024-09-02,3518.585,3468.565,3518.585,3468.485
2024-09-03,3465.258,3484.61,3493.23,3465.258
2024-09-04,3463.563,3464.874,3489.299,3461.152
2024-09-05,3466.089,3472.919,3485.046,3460.868
2024-09-06,3477.188,3439.825,3488.727,3439.475
2024-09-09,3422.838,3403.388,3432.482,3390.127
2024-09-10,3404.192,3405.731,3417.147,3372.628
2024-09-11,3395.472,3399.372,3411.056,3383.752
2024-09-12,3402.777,3384.995,3419.325,3384.614
2024-09-13,3386.958,3365.839,3400.199,3365.839
2024-09-18,3365.333,3377.498,3386.704,3345.446
2024-09-19,3386.902,3408.335,3430.36,3356.526
2024-09-20,3404.429,3408.226,3414.689,3381.881
2024-09-23,3407.591,3416.917,3436.126,3403.044
2024-09-24,3448.0,3564.95,3565.021,3426.602
2024-09-25,3616.579,3612.561,3685.416,3604.755
2024-09-26,3609.76,3766.526,3766.526,3603.112
2024-09-27,3841.398,3942.817,3951.601,3824.614
2024-09-30,4103.89,4296.083,4315.299,4052.058
2024-10-08,4769.114,4564.29,4769.114,4381.069
2024-10-09,4467.777,4245.092,4504.695,4228.454
2024-10-10,4270.205,4270.191,4384.955,4184.615
2024-10-11,4240.076,4140.294,4243.131,4096.745
2024-10-14,4168.925,4225.477,4243.025,4115.066
2024-10-15,4204.803,4115.646,4240.564,4115.646
2024-10-16,4060.906,4093.943,4146.557,4060.073
2024-10-17,4119.025,4051.304,4149.301,4050.801
2024-10-18,4044.415,4202.528,4286.152,4034.625
2024-10-21,4227.492,4222.554,4275.425,4177.592
2024-10-22,4213.209,4249.951,4261.165,4202.879
2024-10-23,4246.343,4266.542,4312.177,4230.486
2024-10-24,4243.261,4221.673,4250.998,4204.71
2024-10-25,4225.275,4259.34,4297.107,4218.972
2024-10-28,4257.931,4279.425,4279.425,4223.97
2024-10-29,4287.787,4234.421,4307.065,4231.13
2024-10-30,4214.499,4210.987,4243.664,4179.506
2024-10-31,4210.549,4224.147,4255.535,4186.762
2024-11-01,4215.777,4210.299,4262.965,4195.679
2024-11-04,4217.132,4272.365,4272.365,4213.657
2024-11-05,4266.075,4386.664,4389.666,4254.059
2024-11-06,4396.351,4373.002,4440.968,4348.692
2024-11-07,4331.333,4491.608,4492.196,4327.221
2024-11-08,4541.38,4455.033,4552.511,4444.264
2024-11-11,4423.16,4497.021,4498.029,4408.3
2024-11-12,4502.292,4448.142,4546.179,4417.147
2024-11-13,4421.614,4467.53,4476.152,4411.163
2024-11-14,4456.178,4376.381,4468.304,4370.876
2024-11-15,4360.918,4290.821,4384.571,4290.821
2024-11-18,4304.456,4258.89,4353.023,4237.3
2024-11-19,4262.944,4299.551,4301.384,4205.263
2024-11-20,4287.872,4317.129,4333.636,4280.003
2024-11-21,4308.46,4318.626,4331.415,4291.103
2024-11-22,4311.531,4175.518,4318.902,4175.518
2024-11-25,4184.267,4158.673,4197.902,4116.26
2024-11-26,4147.641,4143.868,4187.487,4142.037
2024-11-27,4131.259,4218.9,4219.013,4109.935
2024-11-28,4216.261,4182.386,4222.413,4175.654
2024-11-29,4178.486,4235.356,4281.176,4178.486
2024-12-02,4230.175,4277.425,4285.832,4223.234
2024-12-03,4277.265,4278.681,4292.257,4245.908
2024-12-04,4275.171,4251.677,4284.685,4236.133
2024-12-05,4236.054,4248.75,4263.311,4231.283
2024-12-06,4250.883,4304.533,4328.173,4246.586
2024-12-09,4303.324,4293.253,4327.152,4272.145
2024-12-10,4430.116,4324.976,4435.124,4317.906
2024-12-11,4315.353,4329.838,4340.505,4314.314
2024-12-12,4328.807,4371.618,4375.407,4322.777
2024-12-13,4343.111,4274.223,4343.111,4273.224
2024-12-16,4271.338,4242.934,4277.409,4230.509
2024-12-17,4237.026,4239.018,4278.849,4234.359
2024-12-18,4251.497,4262.513,4279.492,4251.497
2024-12-19,4227.347,4267.87,4277.427,4215.259
2024-12-20,4259.223,4256.535,4288.783,4250.452
2024-12-23,4256.957,4242.709,4288.454,4239.328
2024-12-24,4245.421,4297.247,4299.306,4245.421
2024-12-25,4300.886,4288.493,4311.754,4267.405
2024-12-26,4283.577,4298.747,4303.9,4272.498
2024-12-27,4299.434,4295.851,4330.968,4286.867
2024-12-30,4290.749,4310.238,4319.79,4290.749
2024-12-31,4308.278,4226.375,4314.585,4226.375
2025-01-02,4222.429,4100.886,4225.085,4072.838
2025-01-03,4106.07,4042.517,4119.481,4035.66
2025-01-06,4041.915,4037.422,4058.51,4013.457
2025-01-07,4031.318,4069.961,4071.297,4018.628
2025-01-08,4053.875,4060.109,4084.513,3988.467
2025-01-09,4048.856,4051.69,4070.33,4040.001
2025-01-10,4049.478,3997.342,4063.548,3997.342
2025-01-13,3965.581,3991.687,4010.975,3965.238
2025-01-14,3998.792,4105.969,4112.648,3988.635
2025-01-15,4095.172,4076.986,4100.44,4069.874
2025-01-16,4094.485,4084.824,4135.024,4058.696
2025-01-17,4071.182,4102.224,4123.96,4066.314
2025-01-20,4127.115,4121.182,4153.865,4112.036
2025-01-21,4142.489,4127.214,4143.529,4104.119
2025-01-22,4115.187,4093.66,4116.374,4076.047
2025-01-23,4129.133,4094.767,4166.947,4094.632
2025-01-24,4084.256,4130.422,4143.589,4084.18
2025-01-27,4135.679,4106.403,4150.409,4106.403
2025-02-05,4138.629,4093.487,4139.107,4080.978
2025-02-06,4087.69,4156.791,4157.529,4086.965
2025-02-07,4158.221,4212.894,4243.752,4148.53
2025-02-10,4221.771,4229.83,4235.343,4202.827
2025-02-11,4233.454,4209.79,4233.454,4196.526
2025-02-12,4200.868,4254.644,4255.038,4195.412
2025-02-13,4249.436,4234.919,4273.216,4234.919
2025-02-14,4230.653,4271.344,4274.827,4230.653
2025-02-17,4289.699,4278.238,4291.829,4249.688
2025-02-18,4271.894,4230.242,4291.53,4216.871
2025-02-19,4223.905,4271.532,4271.987,4222.135
2025-02-20,4266.69,4265.073,4276.463,4247.966
2025-02-21,4274.678,4323.437,4325.503,4261.573
2025-02-24,4318.721,4314.177,4339.147,4290.71
2025-02-25,4270.651,4266.68,4301.98,4255.669
2025-02-26,4273.577,4307.617,4307.668,4268.981
2025-02-27,4308.224,4309.895,4320.349,4265.584
2025-02-28,4289.703,4215.627,4307.836,4210.336
2025-03-03,4226.372,4219.225,4267.159,4200.346
2025-03-04,4193.659,4226.331,4231.39,4186.067
2025-03-05,4228.3,4242.686,4246.347,4211.368
2025-03-06,4264.927,4303.884,4313.268,4260.145
2025-03-07,4291.363,4287.719,4316.159,4276.196
2025-03-10,4290.642,4275.496,4296.869,4249.027
2025-03-11,4231.778,4291.48,4291.48,4230.74
2025-03-12,4300.23,4279.273,4310.852,4275.2
2025-03-13,4276.649,4258.011,4288.009,4238.324
2025-03-14,4264.452,4353.995,4358.297,4264.452
2025-03-17,4368.959,4347.671,4369.301,4344.182
2025-03-18,4363.062,4361.172,4373.639,4349.613
2025-03-19,4355.875,4357.162,4374.266,4335.958
2025-03-20,4356.64,4321.111,4357.775,4316.283
2025-03-21,4310.476,4256.381,4328.501,4244.651
2025-03-24,4257.727,4271.996,4277.285,4233.933
2025-03-25,4274.502,4265.802,4284.715,4255.957
2025-03-26,4262.049,4255.724,4279.127,4253.158
2025-03-27,4246.34,4267.892,4292.372,4232.545
2025-03-28,4266.043,4246.28,4271.339,4239.342
2025-03-31,4233.47,4213.034,4255.457,4192.7
2025-04-01,4219.889,4219.913,4239.888,4212.264
2025-04-02,4215.804,4218.439,4238.088,4210.315
2025-04-03,4175.025,4190.059,4217.603,4175.025
2025-04-07,3980.5,3867.37,4017.849,3793.555
2025-04-08,3872.855,3923.985,3923.985,3856.05
2025-04-09,3873.724,3974.017,3978.553,3837.368
2025-04-10,4041.733,4032.288,4061.498,4005.597
2025-04-11,4022.839,4051.615,4070.407,4008.414
2025-04-14,4078.698,4067.118,4087.537,4059.627
2025-04-15,4064.584,4064.181,4067.179,4040.638
2025-04-16,4059.097,4064.899,4066.986,4012.193
2025-04-17,4045.201,4064.447,4076.067,4042.218
2025-04-18,4052.805,4065.384,4073.269,4044.275
2025-04-21,4061.085,4090.596,4095.217,4053.281
2025-04-22,4085.372,4086.445,4103.804,4083.226
2025-04-23,4106.496,4090.807,4113.163,4083.817
2025-04-24,4090.908,4083.334,4110.235,4071.83
2025-04-25,4090.886,4089.439,4107.36,4082.984
2025-04-28,4088.435,4079.717,4090.989,4070.898
2025-04-29,4072.484,4075.714,4087.119,4065.463
2025-04-30,4076.271,4077.151,4092.307,4070.884
2025-05-06,4103.172,4127.92,4128.295,4093.69
2025-05-07,4182.662,4148.284,4186.633,4128.088
2025-05-08,4135.924,4169.735,4182.093,4131.282
2025-05-09,4165.677,4154.57,4166.473,4144.368
2025-05-12,4176.467,4203.679,4203.795,4168.029
2025-05-13,4232.014,4205.955,4232.014,4199.958
2025-05-14,4204.144,4246.849,4267.487,4196.026
2025-05-15,4237.177,4202.278,4237.177,4200.469
2025-05-16,4193.273,4187.867,4201.24,4175.263
2025-05-19,4183.318,4179.227,4186.69,4163.227
2025-05-20,4184.509,4201.056,4213.721,4180.662
2025-05-21,4201.006,4217.626,4228.209,4201.006
2025-05-22,4211.086,4205.367,4217.57,4201.488
2025-05-23,4201.417,4170.635,4226.063,4170.635
2025-05-26,4165.469,4155.95,4179.417,4142.946
2025-05-27,4153.371,4136.11,4157.196,4128.457
2025-05-28,4139.006,4130.782,4145.028,4127.399
2025-05-29,4132.17,4164.281,4173.352,4127.249
2025-05-30,4154.867,4140.327,4160.734,4131.109
2025-06-03,4131.638,4154.222,4164.286,4131.638
2025-06-04,4157.331,4175.908,4182.53,4157.331
2025-06-05,4179.408,4188.774,4194.585,4168.711
2025-06-06,4188.919,4184.433,4198.642,4178.684
2025-06-09,4189.496,4201.627,4212.395,4183.536
2025-06-10,4204.257,4176.841,4210.743,4156.945
2025-06-11,4181.114,4206.76,4224.677,4181.114
2025-06-12,4197.218,4206.126,4213.701,4184.427
2025-06-13,4194.401,4172.485,4201.906,4162.049
2025-06-16,4161.165,4185.367,4187.562,4161.165
2025-06-17,4187.318,4179.452,4192.208,4170.083
2025-06-18,4178.444,4182.177,4188.047,4160.506
2025-06-19,4175.968,4143.672,4179.335,4134.026
2025-06-20,4139.568,4139.489,4155.692,4136.663
2025-06-23,4122.169,4155.021,4164.665,4122.169
2025-06-24,4160.359,4209.184,4215.71,4160.359
2025-06-25,4213.851,4272.221,4275.222,4210.782
2025-06-26,4267.772,4256.407,4279.671,4255.631
2025-06-27,4261.713,4241.778,4287.695,4238.702
2025-06-30,4243.246,4262.956,4266.738,4236.562
2025-07-01,4262.897,4271.93,4275.109,4250.352
2025-07-02,4270.1,4264.829,4274.567,4253.97
2025-07-03,4270.022,4289.933,4294.064,4265.716
2025-07-04,4288.527,4299.141,4335.351,4279.254
2025-07-07,4293.32,4283.435,4296.78,4276.027
2025-07-08,4284.143,4324.611,4327.912,4284.143
2025-07-09,4324.397,4314.407,4341.379,4308.768
2025-07-10,4315.55,4334.873,4356.555,4313.721
2025-07-11,4336.548,4346.973,4393.657,4331.343
2025-07-14,4353.249,4348.096,4363.626,4348.096
2025-07-15,4352.739,4348.82,4372.832,4320.69
2025-07-16,4349.236,4339.027,4362.909,4325.311
2025-07-17,4336.664,4373.139,4373.203,4336.664
2025-07-18,4379.281,4395.624,4401.219,4376.983
2025-07-21,4407.503,4428.88,4429.496,4404.22
2025-07-22,4431.261,4465.372,4465.554,4413.697
2025-07-23,4474.433,4462.893,4502.341,4456.873
2025-07-24,4460.747,4504.515,4504.725,4458.361
2025-07-25,4502.294,4488.121,4508.536,4477.162
2025-07-28,4490.008,4499.531,4508.31,4471.932
2025-07-29,4494.144,4518.647,4519.53,4475.323
2025-07-30,4514.158,4510.237,4547.502,4482.688
2025-07-31,4499.337,4433.066,4500.149,4419.731
2025-08-01,4427.534,4414.05,4445.482,4395.757
2025-08-04,4396.15,4435.793,4435.793,4396.15
2025-08-05,4446.419,4469.813,4471.093,4442.46
2025-08-06,4466.585,4488.014,4489.503,4464.229
2025-08-07,4493.262,4485.236,4501.46,4462.203
2025-08-08,4478.408,4474.832,4493.686,4465.947
2025-08-11,4481.337,4501.698,4513.316,4477.328
2025-08-12,4502.672,4523.725,4527.996,4498.239
2025-08-13,4529.943,4566.842,4574.282,4528.638
2025-08-14,4569.763,4549.536,4604.019,4540.373
2025-08-15,4538.473,4598.839,4609.089,4537.29
2025-08-18,4619.907,4647.219,4681.773,4602.592
2025-08-19,4648.161,4631.959,4673.151,4621.545
2025-08-20,4614.015,4684.079,4684.454,4595.99
2025-08-21,4696.651,4692.939,4718.737,4675.551
2025-08-22,4692.347,4787.239,4787.576,4692.347
2025-08-25,4829.817,4884.526,4890.187,4816.4
2025-08-26,4867.384,4873.495,4901.063,4851.768
2025-08-27,4878.631,4801.209,4927.906,4801.209
2025-08-28,4793.967,4891.304,4891.738,4771.675
2025-08-29,4888.506,4923.867,4946.395,4880.965
2025-09-01,4948.204,4957.912,4961.112,4915.426
2025-09-02,4956.276,4903.365,4976.01,4864.753
2025-09-03,4917.029,4861.331,4924.633,4833.071
2025-09-04,4865.455,4753.628,4869.656,4706.524
2025-09-05,4755.956,4870.259,4875.851,4737.96
2025-09-08,4878.266,4890.732,4898.51,4850.105
2025-09-09,4869.607,4853.797,4895.43,4829.166
2025-09-10,4852.082,4861.682,4884.418,4825.454
2025-09-11,4854.99,4979.689,4979.689,4840.272
2025-09-12,4975.599,4963.531,5004.626,4959.286
2025-09-15,4978.108,4970.44,5003.869,4964.5
2025-09-16,4978.722,4972.718,4993.708,4929.113
2025-09-17,4966.608,5007.851,5010.708,4951.42
2025-09-18,5001.647,4954.177,5041.02,4903.827
2025-09-19,4955.115,4951.689,4987.798,4938.782
2025-09-22,4962.137,4978.539,4979.069,4934.725
2025-09-23,4992.823,4967.94,5011.7,4894.479
2025-09-24,4940.724,5031.852,5032.519,4938.973
2025-09-25,5030.545,5057.12,5080.582,5023.93
2025-09-26,5038.312,5003.483,5062.499,5003.483
2025-09-29,5009.468,5080.134,5106.979,4992.06
2025-09-30,5092.143,5108.265,5116.299,5081.442
2025-10-09,5136.246,5188.99,5203.168,5123.142
2025-10-10,5155.678,5086.498,5166.489,5069.321
2025-10-13,4936.223,5064.124,5073.163,4936.223
2025-10-14,5107.026,4986.043,5117.102,4966.132
2025-10-15,4992.234,5058.498,5059.46,4969.272
2025-10-16,5039.943,5056.503,5091.619,5034.635
2025-10-17,5049.355,4932.618,5060.731,4927.676
2025-10-20,4982.284,4961.884,4996.559,4941.524
2025-10-21,4981.099,5039.441,5047.035,4973.024
2025-10-22,5004.472,5016.462,5030.893,4992.511
2025-10-23,5001.671,5030.213,5036.171,4955.927
2025-10-24,5049.571,5095.427,5095.427,5049.571
2025-10-27,5141.0,5162.43,5168.052,5125.237
2025-10-28,5141.223,5135.97,5181.17,5119.75
2025-10-29,5145.056,5206.973,5206.973,5145.056
2025-10-30,5193.997,5158.721,5214.783,5154.502
2025-10-31,5152.785,5092.983,5158.493,5092.983
2025-11-03,5089.102,5103.675,5103.724,5035.274
2025-11-04,5096.974,5052.848,5111.371,5025.809
2025-11-05,4986.531,5063.177,5080.736,4986.531
2025-11-06,5077.597,5137.999,5142.725,5077.597
2025-11-07,5115.056,5122.954,5149.195,5104.872
2025-11-10,5135.947,5138.959,5144.85,5097.876
2025-11-11,5151.964,5094.81,5154.816,5090.152
2025-11-12,5082.886,5080.729,5110.702,5050.654
2025-11-13,5079.103,5146.741,5147.601,5079.103
2025-11-14,5102.263,5065.032,5127.587,5064.981
2025-11-17,5058.474,5040.903,5066.507,5020.596
2025-11-18,5026.465,5001.165,5042.774,4982.72
2025-11-19,4999.211,5011.97,5033.708,4988.969
2025-11-20,5046.637,4981.866,5048.767,4977.17
2025-11-21,4920.638,4846.801,4937.186,4846.801
2025-11-24,4869.842,4852.013,4876.338,4817.59
2025-11-25,4882.933,4902.009,4929.569,4875.735
2025-11-26,4900.249,4925.778,4951.974,4894.914
2025-11-27,4928.758,4921.417,4974.03,4915.751
2025-11-28,4917.529,4945.488,4947.935,4901.38
2025-12-01,4959.706,4998.588,4998.951,4951.099
2025-12-02,4991.729,4969.303,4992.302,4954.442
2025-12-03,4970.362,4942.405,4985.946,4932.616
2025-12-04,4945.441,4957.924,4971.588,4922.878
2025-12-05,4958.218,5004.292,5012.637,4940.45
2025-12-08,5015.163,5048.088,5067.076,5014.334
2025-12-09,5035.763,5019.662,5055.978,5005.322
2025-12-10,5008.243,5021.04,5029.385,4970.859
2025-12-11,5028.19,4975.569,5040.05,4971.65
2025-12-12,4981.795,5014.913,5019.894,4954.884
2025-12-15,4981.039,4981.319,5027.548,4979.126
2025-12-16,4971.286,4916.582,4979.872,4898.787
2025-12-17,4918.587,5008.123,5024.145,4917.457
2025-12-18,4979.715,4979.475,5007.717,4974.18
2025-12-19,4990.748,5004.595,5028.133,4977.718
2025-12-22,5026.939,5055.514,5061.251,5026.939
2025-12-23,5059.473,5063.053,5089.745,5048.739
2025-12-24,5065.579,5091.435,5097.701,5049.851
2025-12-25,5085.747,5109.135,5118.682,5079.199
2025-12-26,5109.13,5129.889,5149.572,5100.776
2025-12-29,5132.321,5110.28,5147.202,5098.495
2025-12-30,5085.031,5125.114,5142.31,5084.478
2025-12-31,5132.043,5109.175,5143.146,5097.386
2026-01-05,5145.469,5214.236,5216.275,5145.469
2026-01-06,5217.776,5303.136,5303.136,5217.776
2026-01-07,5312.75,5303.15,5327.999,5274.421
2026-01-08,5286.499,5275.372,5303.267,5250.398
2026-01-09,5268.428,5322.546,5333.826,5268.428
2026-01-12,5346.936,5383.183,5390.228,5315.855
2026-01-13,5393.677,5340.312,5420.082,5321.137
2026-01-14,5349.767,5340.616,5427.398,5303.87
2026-01-15,5313.78,5347.433,5364.934,5312.577
2026-01-16,5372.567,5333.451,5393.023,5318.923
2026-01-19,5317.902,5345.788,5372.702,5317.902
2026-01-20,5351.417,5325.809,5365.401,5279.04
2026-01-21,5312.82,5346.313,5373.481,5312.82
2026-01-22,5364.229,5355.64,5383.623,5328.894
2026-01-23,5366.818,5376.18,5384.886,5350.512
2026-01-26,5392.981,5364.28,5414.628,5350.755
2026-01-27,5355.038,5371.097,5400.442,5313.457
2026-01-28,5390.153,5390.682,5414.017,5360.957
2026-01-29,5399.764,5404.073,5426.268,5369.418
2026-01-30,5364.8,5338.506,5384.87,5256.938
2026-02-02,5295.866,5195.902,5329.996,5192.253
2026-02-03,5248.325,5285.769,5287.354,5181.024
2026-02-04,5273.063,5319.085,5323.317,5256.299
2026-02-05,5273.975,5267.963,5295.232,5231.917
2026-02-06,5212.753,5246.45,5291.775,5193.152
2026-02-09,5311.537,5337.737,5338.763,5292.605
2026-02-10,5338.438,5341.053,5351.588,5324.903
2026-02-11,5332.054,5336.221,5351.021,5329.019
2026-02-12,5344.271,5358.995,5363.053,5340.632
2026-02-13,5327.328,5288.396,5343.261,5285.165
2026-02-24,5361.443,5343.626,5366.833,5326.105
2026-02-25,5352.035,5391.406,5416.385,5351.155
2026-02-26,5398.667,5389.661,5400.123,5364.271
2026-02-27,5356.024,5395.393,5399.456,5356.022
2026-03-02,5358.088,5409.866,5418.201,5341.27
2026-03-03,5415.471,5281.432,5420.902,5275.233
2026-03-04,5222.782,5232.524,5285.09,5206.04
2026-03-05,5297.165,5279.947,5310.437,5255.186
2026-03-06,5252.198,5299.693,5312.393,5245.219
2026-03-09,5227.879,5248.51,5261.784,5155.526
2026-03-10,5286.759,5320.481,5322.169,5286.759
2026-03-11,5327.2,5343.104,5354.615,5319.553
2026-03-12,5338.842,5321.344,5347.638,5281.96
2026-03-13,5298.729,5284.319,5339.588,5272.513
2026-03-16,5282.139,5276.119,5286.249,5213.116
2026-03-17,5290.14,5217.283,5318.682,5217.283
2026-03-18,5231.744,5249.013,5253.888,5180.199
2026-03-19,5188.917,5147.913,5209.155,5131.844
2026-03-20,5170.406,5113.124,5194.193,5109.804
2026-03-23,5033.115,4934.017,5061.045,4910.079
2026-03-24,4988.14,5008.708,5008.744,4903.733
2026-03-25,5046.063,5090.775,5096.845,5046.063
2026-03-26,5079.039,5019.278,5094.879,5008.463
2026-03-27,4963.154,5057.135,5079.639,4963.154
2026-03-30,5008.991,5051.585,5057.472,4989.84
2026-03-31,5049.121,4992.571,5082.448,4992.571
2026-04-01,5073.918,5078.347,5088.513,5044.148
2026-04-02,5064.608,5013.549,5070.818,4990.181
2026-04-03,5030.576,4969.83,5032.595,4964.182
2026-04-07,4978.958,4976.406,5001.163,4952.72
2026-04-08,5069.763,5170.447,5170.447,5068.732
2026-04-09,5129.158,5138.224,5157.76,5118.471
2026-04-10,5172.494,5207.916,5232.756,5167.782
2026-04-13,5181.13,5215.317,5225.412,5181.13
2026-04-14,5252.667,5282.088,5282.088,5228.858
2026-04-15,5312.918,5260.932,5317.47,5246.717
2026-04-16,5272.787,5327.483,5330.387,5268.192
2026-04-17,5316.779,5327.436,5338.039,5306.297
2026-04-20,5327.969,5364.649,5373.035,5322.102
2026-04-21,5354.132,5369.479,5378.381,5317.54
2026-04-22,5347.965,5414.567,5416.04,5347.965
2026-04-23,5429.905,5388.838,5435.598,5354.805
2026-04-24,5367.741,5366.414,5389.473,5328.848
2026-04-27,5369.891,5377.184,5395.84,5361.759
2026-04-28,5361.498,5349.286,5378.603,5331.762
2026-04-29,5324.042,5416.919,5422.019,5323.727
2026-04-30,5423.422,5415.79,5431.623,5399.738
2026-05-06,5473.325,5516.27,5534.518,5459.689
2026-05-07,5540.485,5555.22,5556.297,5510.292
2026-05-08,5520.825,5531.738,5545.449,5500.256
2026-05-11,5570.452,5623.033,5631.259,5550.819
2026-05-12,5636.683,5610.002,5636.683,5583.837
2026-05-13,5576.763,5675.002,5678.608,5576.763
2026-05-14,5705.006,5561.6,5707.732,5561.6
2026-05-15,5560.408,5492.525,5587.217,5459.166
2026-05-18,5465.774,5474.887,5512.75,5440.819
2026-05-19,5457.385,5504.139,5506.185,5401.588
2026-05-20,5476.784,5507.65,5522.908,5470.619
2026-05-21,5544.928,5409.385,5601.366,5405.206
2026-05-22,5448.112,5488.407,5496.022,5412.425
2026-05-25,5521.078,5573.492,5574.41,5493.94
2026-05-26,5549.079,5586.195,5592.757,5520.474
2026-05-27,5580.755,5530.591,5618.579,5509.721
2026-05-28,5510.319,5541.436,5554.132,5458.59
2026-05-29,5565.108,5485.857,5571.426,5463.378
2026-06-01,5490.302,5431.522,5522.71,5422.721
2026-06-02,5447.76,5496.82,5519.366,5397.394
2026-06-03,5501.453,5523.88,5583.514,5484.01
2026-06-04,5475.236,5495.485,5528.144,5472.357
2026-06-05,5473.927,5405.259,5511.991,5384.65
2026-06-08,5263.684,5268.79,5355.024,5226.097
2026-06-09,5310.568,5379.19,5380.538,5274.064
2026-06-10,5324.801,5315.544,5360.806,5275.077
2026-06-11,5293.548,5289.278,5334.844,5249.16
2026-06-12,5367.804,5346.504,5400.078,5338.029
2026-06-15,5401.193,5493.636,5494.192,5379.863
2026-06-16,5500.554,5505.719,5529.141,5480.999
2026-06-17,5475.622,5565.511,5568.041,5475.622
2026-06-18,5546.446,5582.088,5614.537,5546.446
2026-06-22,5594.965,5713.382,5715.197,5567.556
2026-06-23,5697.23,5566.78,5716.164,5533.883
2026-06-24,5542.337,5613.741,5623.048,5540.9
2026-06-25,5620.564,5693.596,5700.099,5614.347
2026-06-26,5653.983,5527.795,5657.321,5499.02
2026-06-29,5531.051,5596.707,5598.665,5479.849
2026-06-30,5585.51,5677.23,5685.362,5579.668
2026-07-01,5675.45,5660.129,5727.1,5619.908
2026-07-02,5547.941,5480.557,5591.852,5466.235
2026-07-03,5479.742,5514.064,5574.325,5472.782
2026-07-06,5543.747,5497.023,5556.825,5440.272
2026-07-07,5465.665,5430.957,5497.247,5392.908
2026-07-08,5446.339,5379.719,5472.996,5368.079
2026-07-09,5403.548,5525.27,5531.818,5343.964
2026-07-10,5537.925,5420.745,5570.295,5420.715
2026-07-13,5374.929,5285.505,5404.003,5259.32
2026-07-14,5281.478,5392.606,5392.61,5214.936
2026-07-15,5397.048,5361.645,5420.398,5352.377
2026-07-16,5275.014,5255.229,5346.917,5226.63
2026-07-17,5215.268,5037.964,5218.375,5000.707
2026-07-20,5090.983,5075.956,5135.158,4985.036
2026-07-21,5107.146,5260.618,5260.769,5024.674
2026-07-22,5226.81,5233.924,5302.505,5205.011
2026-07-23,5248.38,5239.571,5254.91,5202.323
2026-07-24,5185.289,5139.184,5214.204,5135.093
2026-07-27,5141.107,5216.278,5216.278,5100.111
2026-07-28,5128.745,5058.267,5156.62,5038.742
2026-07-29,5068.752,5097.859,5127.768,4993.936
2026-07-30,5061.517,5018.104,5095.317,4944.189
2026-07-31,5119.47,5082.552,5145.686,5082.552
2026-08-03,5054.446,5031.618,5069.137,5017.343
2026-08-04,5060.41,5113.301,5129.657,5048.163
2026-08-05,5064.874,5196.126,5220.301,5064.874
2026-08-06,5153.66,5194.17,5221.082,5142.405
2026-08-07,5197.967,5256.364,5266.908,5180.994
2026-08-10,5264.203,5271.669,5280.019,5215.444
2026-08-11,5252.149,5229.141,5291.467,5224.357
2026-08-12,5228.32,5265.2,5276.729,5223.29
2026-08-13,5295.678,5229.425,5310.773,5227.706
2026-08-14,5240.593,5234.937,5246.42,5194.956
2026-08-17,5243.295,5331.087,5331.85,5234.096
2026-08-18,5324.324,5317.297,5337.892,5266.86
2026-08-19,5237.228,5134.929,5252.582,5114.513
2026-08-20,5169.549,5150.25,5192.165,5121.417
2026-08-21,5137.444,5172.251,5184.547,5125.011
2026-08-24,5175.131,5102.187,5176.02,5054.981
2026-08-25,5072.093,5092.047,5117.445,5043.767
2026-08-26,5090.629,5134.318,5162.941,5085.885
2026-08-27,5140.22,5198.037,5199.595,5128.417
2026-08-28,5185.042,5171.717,5213.995,5170.842
2026-08-31,5115.646,5194.845,5194.845,5107.582
2026-09-01,5188.27,5166.93,5201.543,5161.558
2026-09-02,5128.691,5092.011,5130.428,5074.336
2026-09-03,5119.251,5100.467,5130.67,5075.345
2026-09-04,5128.188,5078.347,5154.929,5056.722
2026-09-07,5100.756,5119.47,5129.846,5085.97
2026-09-08,5122.754,5108.243,5142.134,5092.153
2026-09-09,5128.355,5119.063,5129.454,5091.372
2026-09-10,5094.259,5090.312,5116.391,5076.034
2026-09-11,5048.329,5034.528,5048.427,4971.989
2026-09-14,4993.373,5008.356,5034.812,4988.301
2026-09-15,4999.56,4982.162,5034.704,4975.102
2026-09-16,4981.193,5028.666,5033.484,4948.956
2026-09-17,5009.358,5007.169,5051.142,4997.086
2026-09-18,5047.032,5071.614,5087.847,5033.925
2026-09-21,5090.843,5106.951,5109.013,5077.361
2026-09-22,5142.618,5107.174,5154.861,5097.966
2026-09-23,5111.61,5078.265,5111.61,5073.763
2026-09-24,5059.033,4984.505,5061.139,4984.505
2026-09-28,4967.555,4864.548,4967.857,4844.176
2026-09-29,4857.972,4874.88,4891.428,4849.49
2026-09-30,4889.6,4884.183,4898.796,4869.732
2026-10-08,4879.35,4812.095,4908.089,4787.826
2026-10-09,4794.559,4818.24,4833.918,4718.737
