strike,expiration,gex_usd,gex_k
7365.0,2026-09-18,5015.72463376359,5.01572463376359
7370.0,2026-09-18,5457.705420535022,5.457705420535023
7375.0,2026-09-18,76456.40893783038,76.45640893783037
7380.0,2026-09-18,5058.895280634581,5.05889528063458
7385.0,2026-09-18,6471.941083321687,6.4719410833216875
7390.0,2026-09-18,11500.630123522576,11.500630123522576
7395.0,2026-09-18,2622.16320722759,2.62216320722759
7400.0,2026-09-18,91393.17000244676,91.39317000244675
7405.0,2026-09-18,23554.079157354558,23.554079157354558
7410.0,2026-09-18,112035.12689561334,112.03512689561335
7415.0,2026-09-18,6062.960861686499,6.0629608616864985
7420.0,2026-09-18,12791.26319733384,12.791263197333839
7425.0,2026-09-18,128730.01702862608,128.7300170286261
7430.0,2026-09-18,15499.907910904087,15.499907910904087
7435.0,2026-09-18,106943.65560568737,106.94365560568737
7440.0,2026-09-18,3917.259759444917,3.917259759444917
7445.0,2026-09-18,5757.359376460787,5.757359376460787
7450.0,2026-09-18,27619.724738910918,27.619724738910918
7455.0,2026-09-18,134081.94902492382,134.0819490249238
7460.0,2026-09-18,9127.146494933317,9.127146494933317
7465.0,2026-09-18,-2186.042970534356,-2.186042970534356
7470.0,2026-09-18,10345.77348737015,10.34577348737015
7475.0,2026-09-18,609630.5836316438,609.6305836316438
7480.0,2026-09-18,302130.3341446619,302.1303341446619
7485.0,2026-09-18,7064.772258326111,7.064772258326111
7490.0,2026-09-18,931.1704838375554,0.9311704838375554
7495.0,2026-09-18,502367.3867614542,502.3673867614542
7500.0,2026-09-18,8078449.0675064465,8078.449067506446
7505.0,2026-09-18,14498.092425938266,14.498092425938266
7510.0,2026-09-18,6357.196242820035,6.357196242820035
7515.0,2026-09-18,12234.564950988955,12.234564950988956
7520.0,2026-09-18,1108575.3916121589,1108.575391612159
7525.0,2026-09-18,1880249.150254942,1880.249150254942
7530.0,2026-09-18,2307935.1627986194,2307.9351627986193
7535.0,2026-09-18,-94103.66976601342,-94.10366976601343
7540.0,2026-09-18,-176740.13534357297,-176.74013534357297
7545.0,2026-09-18,4859519.7525427425,4859.519752542743
7550.0,2026-09-18,-4860140.969994334,-4860.140969994333
7555.0,2026-09-18,-1152000.0647993672,-1152.0000647993672
7560.0,2026-09-18,-195371.8931327666,-195.3718931327666
7565.0,2026-09-18,9012949.753950385,9012.949753950385
7570.0,2026-09-18,4565816.178973192,4565.816178973192
7575.0,2026-09-18,-2708329.3829215188,-2708.3293829215186
7580.0,2026-09-18,538416.5379175744,538.4165379175744
7585.0,2026-09-18,6240425.923619457,6240.425923619457
7590.0,2026-09-18,5092912.389129035,5092.912389129036
7595.0,2026-09-18,-38680997.704883635,-38680.99770488364
7600.0,2026-09-18,-283465288.4854219,-283465.2884854219
7605.0,2026-09-18,52257234.07648784,52257.23407648784
7610.0,2026-09-18,43169185.40256675,43169.185402566756
7615.0,2026-09-18,-5520227.090640292,-5520.227090640292
7620.0,2026-09-18,-66808684.273582414,-66808.68427358242
7625.0,2026-09-18,29502616.387249306,29502.616387249305
7630.0,2026-09-18,29017207.43917188,29017.20743917188
7635.0,2026-09-18,-12820138.989899606,-12820.138989899606
7640.0,2026-09-18,-15891661.05357489,-15891.66105357489
7645.0,2026-09-18,81740761.9741091,81740.7619741091
7650.0,2026-09-18,321170071.62748706,321170.0716274871
7655.0,2026-09-18,1124028.8480752893,1124.0288480752893
7660.0,2026-09-18,3137309.4455624446,3137.3094455624446
7665.0,2026-09-18,-7217402.864394064,-7217.402864394064
7670.0,2026-09-18,29136549.773148485,29136.549773148483
7675.0,2026-09-18,10495939.926091094,10495.939926091094
7680.0,2026-09-18,13205539.984891858,13205.539984891859
7685.0,2026-09-18,450083.3419187113,450.0833419187113
7690.0,2026-09-18,401762.4002211327,401.7624002211327
7695.0,2026-09-18,1926434.3924257425,1926.4343924257425
7700.0,2026-09-18,4391295.813825657,4391.295813825656
7705.0,2026-09-18,856387.4591234917,856.3874591234917
7710.0,2026-09-18,126510.34199170601,126.51034199170601
7715.0,2026-09-18,138353.98681145825,138.35398681145824
7720.0,2026-09-18,34988.29872826059,34.98829872826059
7725.0,2026-09-18,47703.271139925026,47.70327113992503
7730.0,2026-09-18,11678.993858793265,11.678993858793264
7735.0,2026-09-18,9262.339813518032,9.262339813518032
7740.0,2026-09-18,8504.055512094914,8.504055512094913
7745.0,2026-09-18,1042.378535102123,1.0423785351021229
7750.0,2026-09-18,6204.189010456591,6.204189010456591
7755.0,2026-09-18,1506.647561107309,1.506647561107309
7760.0,2026-09-18,1009.3933403658211,1.009393340365821
7765.0,2026-09-18,453.81293350742595,0.45381293350742596
7770.0,2026-09-18,298.90062364533753,0.29890062364533754
7775.0,2026-09-18,355.1848263535919,0.35518482635359194
7780.0,2026-09-18,131.8953703874295,0.1318953703874295
7785.0,2026-09-18,116.505833875052,0.116505833875052
7790.0,2026-09-18,59.79562928679532,0.05979562928679532
7795.0,2026-09-18,36.87650661262712,0.03687650661262712
7800.0,2026-09-18,270.0298181904606,0.2700298181904606
7805.0,2026-09-18,21.070435060476534,0.021070435060476535
7810.0,2026-09-18,20.834298015215996,0.020834298015215996
7815.0,2026-09-18,26.928607344917687,0.02692860734491769
7820.0,2026-09-18,36.99439999639516,0.03699439999639516
7825.0,2026-09-18,17.028759365658235,0.017028759365658234
7830.0,2026-09-18,6.405000660242938,0.006405000660242938
7835.0,2026-09-18,-17163.978593088028,-17.16397859308803
7840.0,2026-09-18,-1031.1183176198058,-1.0311183176198058
7845.0,2026-09-18,-366.7726433225074,-0.3667726433225074
7850.0,2026-09-18,-830.2312488508568,-0.8302312488508568
7855.0,2026-09-18,-292.3413260884879,-0.2923413260884879
7860.0,2026-09-18,-11695.598002600458,-11.695598002600459
7865.0,2026-09-18,-62.568563186688024,-0.06256856318668802
7870.0,2026-09-18,-1494.7929043349684,-1.4947929043349684
7875.0,2026-09-18,-882.8235340458441,-0.8828235340458441
7880.0,2026-09-18,-2106.4972817609832,-2.106497281760983
7885.0,2026-09-18,-195.00384950392504,-0.19500384950392505
7890.0,2026-09-18,-1077.8339630657958,-1.0778339630657958
7895.0,2026-09-18,-730.268198452259,-0.730268198452259
7365.0,2026-09-21,-18006.303454379293,-18.006303454379292
7370.0,2026-09-21,-69746.98766651416,-69.74698766651416
7375.0,2026-09-21,-82332.62279311295,-82.33262279311296
7380.0,2026-09-21,-104498.34396904825,-104.49834396904825
7385.0,2026-09-21,-45454.3410566931,-45.454341056693096
7390.0,2026-09-21,-56081.055237790395,-56.081055237790395
7395.0,2026-09-21,-51863.32406652554,-51.86332406652554
7400.0,2026-09-21,-234644.5315270086,-234.6445315270086
7405.0,2026-09-21,-65743.3298370607,-65.7433298370607
7410.0,2026-09-21,-63644.05566535244,-63.64405566535244
7415.0,2026-09-21,-56448.29296624006,-56.448292966240054
7420.0,2026-09-21,-81515.98627060656,-81.51598627060656
7425.0,2026-09-21,-366620.9690122397,-366.6209690122397
7430.0,2026-09-21,-182444.6454996836,-182.4446454996836
7435.0,2026-09-21,-49881.31774834332,-49.88131774834332
7440.0,2026-09-21,-74705.09002778326,-74.70509002778326
7445.0,2026-09-21,-42480.13283669855,-42.480132836698544
7450.0,2026-09-21,-349620.1153412888,-349.6201153412888
7455.0,2026-09-21,-47919.62851927185,-47.919628519271846
7460.0,2026-09-21,-119176.88322138847,-119.17688322138848
7465.0,2026-09-21,-112962.3877807764,-112.9623877807764
7470.0,2026-09-21,-176237.9785443159,-176.2379785443159
7475.0,2026-09-21,-429094.00430952164,-429.09400430952167
7480.0,2026-09-21,-176570.23410166337,-176.57023410166337
7485.0,2026-09-21,-144015.61124408676,-144.01561124408676
7490.0,2026-09-21,-279105.55585176504,-279.105555851765
7495.0,2026-09-21,-412878.73881614575,-412.87873881614576
7500.0,2026-09-21,-2184284.7552080275,-2184.2847552080275
7505.0,2026-09-21,-128642.80464564182,-128.64280464564183
7510.0,2026-09-21,-373301.4064934191,-373.3014064934191
7515.0,2026-09-21,-77474.97789428315,-77.47497789428314
7520.0,2026-09-21,-954556.3017542552,-954.5563017542552
7525.0,2026-09-21,-429214.43333742913,-429.2144333374291
7530.0,2026-09-21,-323135.4538304578,-323.13545383045783
7535.0,2026-09-21,-240384.61918936402,-240.38461918936403
7540.0,2026-09-21,-168253.04039848136,-168.25304039848135
7545.0,2026-09-21,-198794.54862260545,-198.79454862260545
7550.0,2026-09-21,-1157237.1079781686,-1157.2371079781688
7555.0,2026-09-21,-503421.462381281,-503.421462381281
7560.0,2026-09-21,-494002.29462255177,-494.00229462255174
7565.0,2026-09-21,-216774.94911966514,-216.77494911966514
7570.0,2026-09-21,-455513.1017321303,-455.5131017321303
7575.0,2026-09-21,-1162173.275990885,-1162.173275990885
7580.0,2026-09-21,-693727.332765681,-693.727332765681
7585.0,2026-09-21,774215.1245235155,774.2151245235154
7590.0,2026-09-21,-857298.339224352,-857.298339224352
7595.0,2026-09-21,-670882.348870076,-670.882348870076
7600.0,2026-09-21,-1711922.6932391287,-1711.9226932391286
7605.0,2026-09-21,80122.04530817235,80.12204530817236
7610.0,2026-09-21,-425206.4609943535,-425.2064609943535
7615.0,2026-09-21,-83687.97992677533,-83.68797992677533
7620.0,2026-09-21,83529.90579802252,83.52990579802253
7625.0,2026-09-21,-1249190.4675849092,-1249.1904675849091
7630.0,2026-09-21,-711171.6555065489,-711.171655506549
7635.0,2026-09-21,-903498.448878144,-903.498448878144
7640.0,2026-09-21,-25357.821872870205,-25.357821872870204
7645.0,2026-09-21,705069.2972620755,705.0692972620755
7650.0,2026-09-21,-454094.06457034126,-454.09406457034123
7655.0,2026-09-21,646850.6815856593,646.8506815856592
7660.0,2026-09-21,712944.0176865199,712.9440176865199
7665.0,2026-09-21,462126.6210431878,462.1266210431878
7670.0,2026-09-21,954760.321325327,954.760321325327
7675.0,2026-09-21,-1266227.2804170444,-1266.2272804170443
7680.0,2026-09-21,735539.3489194405,735.5393489194405
7685.0,2026-09-21,671831.5431786592,671.8315431786592
7690.0,2026-09-21,714568.7516654477,714.5687516654477
7695.0,2026-09-21,787212.0401327075,787.2120401327074
7700.0,2026-09-21,3155976.4665325675,3155.9764665325674
7705.0,2026-09-21,826651.8379163394,826.6518379163394
7710.0,2026-09-21,1368459.7180893014,1368.4597180893013
7715.0,2026-09-21,922940.4506215722,922.9404506215722
7720.0,2026-09-21,595662.0128412794,595.6620128412794
7725.0,2026-09-21,1299743.6355579174,1299.7436355579175
7730.0,2026-09-21,690387.4961768568,690.3874961768568
7735.0,2026-09-21,844781.3287714458,844.7813287714458
7740.0,2026-09-21,778875.9380647971,778.8759380647971
7745.0,2026-09-21,324185.02197241836,324.1850219724184
7750.0,2026-09-21,997691.8076211525,997.6918076211525
7755.0,2026-09-21,208069.6640705889,208.06966407058889
7760.0,2026-09-21,313705.0471560215,313.7050471560215
7765.0,2026-09-21,303515.1330671751,303.5151330671751
7770.0,2026-09-21,212386.49511695324,212.38649511695326
7775.0,2026-09-21,558762.0638152058,558.7620638152058
7780.0,2026-09-21,201141.7743721582,201.14177437215818
7785.0,2026-09-21,120922.74271475885,120.92274271475884
7790.0,2026-09-21,140089.85216413008,140.08985216413006
7795.0,2026-09-21,159357.139673668,159.357139673668
7800.0,2026-09-21,251008.81047520027,251.00881047520028
7805.0,2026-09-21,104356.66611949216,104.35666611949216
7810.0,2026-09-21,111678.68497080466,111.67868497080467
7815.0,2026-09-21,86633.99369941665,86.63399369941665
7820.0,2026-09-21,86423.19122726528,86.42319122726528
7825.0,2026-09-21,70132.07924253869,70.1320792425387
7830.0,2026-09-21,58513.39305567588,58.51339305567588
7840.0,2026-09-21,58094.23260542698,58.09423260542698
7850.0,2026-09-21,86811.3206890995,86.8113206890995
7860.0,2026-09-21,43365.447867005656,43.365447867005656
7870.0,2026-09-21,35344.60215521352,35.34460215521352
7875.0,2026-09-21,69455.17298553696,69.45517298553696
7880.0,2026-09-21,33301.08131134541,33.30108131134541
7890.0,2026-09-21,22942.725278569786,22.942725278569785
7365.0,2026-09-22,-53113.54204125374,-53.113542041253744
7370.0,2026-09-22,-35580.35003391093,-35.58035003391093
7375.0,2026-09-22,-68826.97115130964,-68.82697115130964
7380.0,2026-09-22,-27039.299750671486,-27.039299750671486
7385.0,2026-09-22,-28618.40474245476,-28.61840474245476
7390.0,2026-09-22,-45108.60518985508,-45.108605189855076
7395.0,2026-09-22,-154377.84908387088,-154.37784908387087
7400.0,2026-09-22,-217231.62751049188,-217.23162751049188
7405.0,2026-09-22,-18447.80277454853,-18.44780277454853
7410.0,2026-09-22,-40572.60950548776,-40.57260950548776
7415.0,2026-09-22,-22382.55210445729,-22.38255210445729
7420.0,2026-09-22,-194194.37683940376,-194.19437683940376
7425.0,2026-09-22,-371015.30420625536,-371.01530420625534
7430.0,2026-09-22,-228328.9922392673,-228.3289922392673
7435.0,2026-09-22,-199040.86108015763,-199.04086108015764
7440.0,2026-09-22,-215514.45950623322,-215.5144595062332
7445.0,2026-09-22,-39374.37880929331,-39.37437880929331
7450.0,2026-09-22,-241648.4797703242,-241.6484797703242
7455.0,2026-09-22,-26530.198711477413,-26.530198711477414
7460.0,2026-09-22,-248519.3887787465,-248.5193887787465
7465.0,2026-09-22,-226657.59867156815,-226.65759867156814
7470.0,2026-09-22,-570672.0638877752,-570.6720638877752
7475.0,2026-09-22,-562165.9836845659,-562.1659836845658
7480.0,2026-09-22,-439434.4008085929,-439.4344008085929
7485.0,2026-09-22,-528287.5999327264,-528.2875999327264
7490.0,2026-09-22,-496705.3283079582,-496.7053283079582
7495.0,2026-09-22,-152090.16287545324,-152.09016287545325
7500.0,2026-09-22,-647731.2970765978,-647.7312970765978
7505.0,2026-09-22,-347628.2619153904,-347.6282619153904
7510.0,2026-09-22,-206033.272102738,-206.033272102738
7515.0,2026-09-22,-143400.79318984246,-143.40079318984246
7520.0,2026-09-22,-163418.76868243728,-163.41876868243727
7525.0,2026-09-22,-302901.4906574958,-302.9014906574958
7530.0,2026-09-22,-665425.8448434457,-665.4258448434457
7535.0,2026-09-22,-155760.78600993517,-155.76078600993517
7540.0,2026-09-22,-226082.31346203008,-226.08231346203007
7545.0,2026-09-22,-101517.2113790212,-101.5172113790212
7550.0,2026-09-22,-1700665.8295365742,-1700.6658295365742
7555.0,2026-09-22,-13230.839342317267,-13.230839342317267
7560.0,2026-09-22,-1438769.477513631,-1438.769477513631
7565.0,2026-09-22,-44113.62660985203,-44.11362660985203
7570.0,2026-09-22,-544394.9305466985,-544.3949305466986
7575.0,2026-09-22,-1438260.2312509906,-1438.2602312509907
7580.0,2026-09-22,-824925.1719243852,-824.9251719243853
7585.0,2026-09-22,-3814400.0287511074,-3814.4000287511076
7590.0,2026-09-22,-1814791.532597033,-1814.791532597033
7595.0,2026-09-22,-498683.04561643023,-498.6830456164302
7600.0,2026-09-22,-2301976.230189333,-2301.9762301893334
7605.0,2026-09-22,97705.37828320538,97.70537828320538
7610.0,2026-09-22,194145.14963218162,194.1451496321816
7615.0,2026-09-22,-54681.09955956292,-54.681099559562924
7620.0,2026-09-22,-112268.9408587504,-112.2689408587504
7625.0,2026-09-22,-138601.24122241169,-138.6012412224117
7630.0,2026-09-22,112521.08509229589,112.52108509229589
7635.0,2026-09-22,-230643.85753732154,-230.64385753732154
7640.0,2026-09-22,526908.7457587795,526.9087457587794
7645.0,2026-09-22,-315726.1555768383,-315.7261555768383
7650.0,2026-09-22,-421736.5891519018,-421.7365891519018
7655.0,2026-09-22,131722.85447189803,131.72285447189802
7660.0,2026-09-22,-550140.7249478338,-550.1407249478339
7665.0,2026-09-22,1161.0922429522034,1.1610922429522035
7670.0,2026-09-22,331704.7505603153,331.70475056031535
7675.0,2026-09-22,258769.73412564304,258.769734125643
7680.0,2026-09-22,1281097.2726322142,1281.0972726322143
7685.0,2026-09-22,983296.1180782227,983.2961180782228
7690.0,2026-09-22,-462729.3156454508,-462.7293156454508
7695.0,2026-09-22,242225.52492383608,242.22552492383608
7700.0,2026-09-22,1638130.4366798257,1638.1304366798256
7705.0,2026-09-22,397004.2103524358,397.00421035243585
7710.0,2026-09-22,853782.2229382002,853.7822229382002
7715.0,2026-09-22,779738.3410926377,779.7383410926377
7720.0,2026-09-22,781008.9576977066,781.0089576977066
7725.0,2026-09-22,504251.78640715254,504.25178640715257
7730.0,2026-09-22,328519.9327531949,328.5199327531949
7735.0,2026-09-22,151578.00890503405,151.57800890503404
7740.0,2026-09-22,284433.7054529396,284.4337054529396
7745.0,2026-09-22,330216.9900069159,330.21699000691586
7750.0,2026-09-22,1381139.86357461,1381.13986357461
7755.0,2026-09-22,547463.4127670937,547.4634127670937
7760.0,2026-09-22,234846.31747190625,234.84631747190625
7765.0,2026-09-22,212056.7868726697,212.0567868726697
7770.0,2026-09-22,160014.71766523874,160.01471766523875
7775.0,2026-09-22,1033985.8243133867,1033.9858243133867
7780.0,2026-09-22,363281.2382061829,363.2812382061829
7785.0,2026-09-22,404075.35319017014,404.0753531901701
7790.0,2026-09-22,170745.12553858862,170.7451255385886
7795.0,2026-09-22,108701.04975889731,108.70104975889731
7800.0,2026-09-22,563405.7605839397,563.4057605839397
7805.0,2026-09-22,89813.04735914906,89.81304735914905
7810.0,2026-09-22,121455.85760982068,121.45585760982068
7815.0,2026-09-22,73161.51105899407,73.16151105899408
7820.0,2026-09-22,51348.863684965865,51.34886368496586
7825.0,2026-09-22,110551.62408139123,110.55162408139122
7830.0,2026-09-22,80408.85247391896,80.40885247391896
7840.0,2026-09-22,85970.92101822062,85.97092101822062
7850.0,2026-09-22,104189.40146256724,104.18940146256725
7860.0,2026-09-22,45502.102588071124,45.502102588071125
7870.0,2026-09-22,36771.85551074659,36.77185551074659
7875.0,2026-09-22,38326.04287249331,38.32604287249331
7880.0,2026-09-22,28091.865600272642,28.09186560027264
7890.0,2026-09-22,50842.50936761373,50.84250936761374
7365.0,2026-09-23,-30392.172710870407,-30.39217271087041
7370.0,2026-09-23,-58740.73659301691,-58.74073659301691
7375.0,2026-09-23,-179182.2828780781,-179.18228287807813
7380.0,2026-09-23,-114947.45981182331,-114.94745981182331
7385.0,2026-09-23,-74643.86539478443,-74.64386539478443
7390.0,2026-09-23,-234126.96628448975,-234.12696628448975
7395.0,2026-09-23,-36097.92596368079,-36.097925963680794
7400.0,2026-09-23,-503039.3696812016,-503.0393696812016
7405.0,2026-09-23,-27204.034122058714,-27.204034122058715
7410.0,2026-09-23,-73629.45826072808,-73.62945826072807
7415.0,2026-09-23,-53870.2458814306,-53.8702458814306
7420.0,2026-09-23,-85288.6215210131,-85.2886215210131
7425.0,2026-09-23,-307687.55784569896,-307.68755784569896
7430.0,2026-09-23,-239597.46308694032,-239.5974630869403
7440.0,2026-09-23,-223821.56175802645,-223.82156175802646
7445.0,2026-09-23,-45227.32926871817,-45.227329268718165
7450.0,2026-09-23,-420053.83161887096,-420.05383161887096
7455.0,2026-09-23,-61806.245790120425,-61.80624579012043
7460.0,2026-09-23,-804847.0651077615,-804.8470651077615
7465.0,2026-09-23,-57454.915003122645,-57.45491500312264
7470.0,2026-09-23,-184961.4580933092,-184.9614580933092
7475.0,2026-09-23,-608296.7301368049,-608.2967301368049
7480.0,2026-09-23,-230022.8434687123,-230.0228434687123
7485.0,2026-09-23,-50506.53489478912,-50.50653489478912
7490.0,2026-09-23,-77844.59938378542,-77.84459938378542
7495.0,2026-09-23,-55198.88952185346,-55.19888952185346
7500.0,2026-09-23,-579125.4094136353,-579.1254094136352
7510.0,2026-09-23,-317408.6541967176,-317.4086541967176
7515.0,2026-09-23,-73180.55460892132,-73.18055460892131
7520.0,2026-09-23,-75532.65312502696,-75.53265312502697
7525.0,2026-09-23,-395826.1359935416,-395.82613599354164
7530.0,2026-09-23,-57950.805145507315,-57.95080514550732
7535.0,2026-09-23,-169810.41197968306,-169.81041197968307
7540.0,2026-09-23,-744841.0830882987,-744.8410830882987
7545.0,2026-09-23,-159849.1924237873,-159.8491924237873
7550.0,2026-09-23,-1650868.3744102044,-1650.8683744102043
7555.0,2026-09-23,-219422.4217570293,-219.4224217570293
7560.0,2026-09-23,-642047.0286429197,-642.0470286429197
7565.0,2026-09-23,-104037.37435421493,-104.03737435421493
7570.0,2026-09-23,-216091.545866045,-216.09154586604498
7575.0,2026-09-23,-822607.5618722172,-822.6075618722173
7580.0,2026-09-23,-1386585.521148154,-1386.5855211481542
7585.0,2026-09-23,-1362027.6375856274,-1362.0276375856274
7590.0,2026-09-23,-128997.1760434747,-128.9971760434747
7595.0,2026-09-23,28004.552921093156,28.004552921093158
7600.0,2026-09-23,-895974.8889987125,-895.9748889987126
7605.0,2026-09-23,448354.9941280331,448.3549941280331
7610.0,2026-09-23,-219777.22587345002,-219.77722587345002
7615.0,2026-09-23,-309130.8874539224,-309.1308874539224
7620.0,2026-09-23,-543807.459796736,-543.807459796736
7625.0,2026-09-23,-2856.215291106142,-2.856215291106142
7630.0,2026-09-23,927368.4792172186,927.3684792172186
7635.0,2026-09-23,783709.2799024538,783.7092799024538
7640.0,2026-09-23,-664515.5241259229,-664.515524125923
7645.0,2026-09-23,2035723.845076991,2035.723845076991
7650.0,2026-09-23,-381282.9302212058,-381.2829302212058
7655.0,2026-09-23,-47945.68162434705,-47.94568162434705
7660.0,2026-09-23,-22576.948197130172,-22.57694819713017
7665.0,2026-09-23,9800.072584410373,9.800072584410373
7670.0,2026-09-23,-38145.52183741046,-38.145521837410456
7675.0,2026-09-23,-972913.3457390496,-972.9133457390496
7680.0,2026-09-23,944419.9086422641,944.4199086422641
7685.0,2026-09-23,1039982.974737297,1039.9829747372971
7690.0,2026-09-23,819257.7130582104,819.2577130582105
7695.0,2026-09-23,277913.7796292771,277.91377962927714
7700.0,2026-09-23,369277.4701104485,369.27747011044846
7705.0,2026-09-23,180961.14573191953,180.96114573191954
7710.0,2026-09-23,364226.2340689992,364.2262340689992
7715.0,2026-09-23,356879.51693997934,356.87951693997934
7720.0,2026-09-23,293595.48714923696,293.59548714923693
7725.0,2026-09-23,1369368.7427260939,1369.3687427260938
7730.0,2026-09-23,19928.329101465177,19.928329101465177
7735.0,2026-09-23,164051.59462928664,164.05159462928665
7740.0,2026-09-23,623055.1195779259,623.0551195779259
7745.0,2026-09-23,197930.85752819834,197.93085752819835
7750.0,2026-09-23,1738606.6904707083,1738.6066904707084
7755.0,2026-09-23,138793.70615265032,138.79370615265032
7760.0,2026-09-23,347898.44275644445,347.89844275644447
7765.0,2026-09-23,298965.1000845851,298.96510008458506
7770.0,2026-09-23,514466.3589764474,514.4663589764474
7775.0,2026-09-23,865447.86869088,865.44786869088
7780.0,2026-09-23,297932.3782294897,297.9323782294897
7785.0,2026-09-23,436599.2269041653,436.5992269041653
7790.0,2026-09-23,1323285.0350444026,1323.2850350444025
7795.0,2026-09-23,187086.4034125234,187.0864034125234
7800.0,2026-09-23,151712.0293245117,151.71202932451172
7805.0,2026-09-23,119865.44416016525,119.86544416016525
7810.0,2026-09-23,131013.81595148533,131.01381595148533
7815.0,2026-09-23,92074.53017409568,92.07453017409568
7820.0,2026-09-23,113309.47985084247,113.30947985084248
7825.0,2026-09-23,100221.28661541187,100.22128661541187
7830.0,2026-09-23,79751.56117381575,79.75156117381574
7840.0,2026-09-23,74271.51024306101,74.27151024306102
7850.0,2026-09-23,695735.7722401749,695.7357722401749
7860.0,2026-09-23,36734.6477044895,36.7346477044895
7870.0,2026-09-23,87266.75474833067,87.26675474833067
7875.0,2026-09-23,44150.80335700457,44.15080335700458
7880.0,2026-09-23,48694.26064800503,48.69426064800503
7890.0,2026-09-23,26964.419193686765,26.964419193686766
7365.0,2026-09-24,-4561.023328960892,-4.561023328960892
7370.0,2026-09-24,-60224.19468539662,-60.224194685396625
7375.0,2026-09-24,-138637.5678872705,-138.6375678872705
7380.0,2026-09-24,-66417.69369109067,-66.41769369109066
7390.0,2026-09-24,-40776.98736796183,-40.77698736796183
7400.0,2026-09-24,-279047.4219179944,-279.04742191799437
7410.0,2026-09-24,-149884.2673377135,-149.8842673377135
7415.0,2026-09-24,-148587.4921215779,-148.5874921215779
7420.0,2026-09-24,-156709.93872389404,-156.70993872389403
7425.0,2026-09-24,-521599.75308626186,-521.5997530862619
7430.0,2026-09-24,-46360.939933885704,-46.3609399338857
7440.0,2026-09-24,-137130.98513654928,-137.13098513654927
7445.0,2026-09-24,-17996.044300861566,-17.996044300861566
7450.0,2026-09-24,-227695.17125451085,-227.69517125451085
7455.0,2026-09-24,-23194.47824104883,-23.19447824104883
7460.0,2026-09-24,-162285.80582998839,-162.2858058299884
7470.0,2026-09-24,-206683.04099869655,-206.68304099869655
7475.0,2026-09-24,-337927.50603499584,-337.9275060349958
7480.0,2026-09-24,-328853.80020796,-328.85380020796003
7485.0,2026-09-24,-232566.7985954624,-232.56679859546242
7490.0,2026-09-24,-218628.94007038957,-218.62894007038958
7495.0,2026-09-24,-114171.49799463265,-114.17149799463265
7500.0,2026-09-24,-215370.3947907753,-215.3703947907753
7505.0,2026-09-24,-63045.44026177494,-63.045440261774935
7510.0,2026-09-24,-139811.4278342915,-139.8114278342915
7515.0,2026-09-24,-2048.7304989297772,-2.0487304989297774
7520.0,2026-09-24,-77271.19881748586,-77.27119881748585
7525.0,2026-09-24,-375455.6005568674,-375.45560055686735
7530.0,2026-09-24,-109423.49100499654,-109.42349100499654
7535.0,2026-09-24,-96856.75921564392,-96.85675921564392
7540.0,2026-09-24,-99801.02437520717,-99.80102437520716
7545.0,2026-09-24,-99695.52804646146,-99.69552804646146
7550.0,2026-09-24,-657069.3639514763,-657.0693639514762
7555.0,2026-09-24,-222639.17052914048,-222.63917052914047
7560.0,2026-09-24,-135485.12784403597,-135.485127844036
7565.0,2026-09-24,-270260.27346369415,-270.26027346369415
7570.0,2026-09-24,-182267.64006677634,-182.26764006677632
7575.0,2026-09-24,-532641.0743793253,-532.6410743793252
7580.0,2026-09-24,-237833.24832921504,-237.83324832921505
7585.0,2026-09-24,-309755.7902372527,-309.7557902372527
7590.0,2026-09-24,-91527.45795789151,-91.52745795789151
7595.0,2026-09-24,29876.099204014638,29.876099204014636
7600.0,2026-09-24,-287228.9627922112,-287.22896279221123
7605.0,2026-09-24,24543.276432737475,24.543276432737475
7610.0,2026-09-24,209583.05864615826,209.58305864615826
7615.0,2026-09-24,66819.21126158361,66.8192112615836
7620.0,2026-09-24,-61911.54354213344,-61.911543542133444
7625.0,2026-09-24,-406736.87972044677,-406.7368797204468
7630.0,2026-09-24,-266560.897570542,-266.560897570542
7635.0,2026-09-24,-25869.69111666479,-25.869691116664793
7640.0,2026-09-24,-104.81557375262491,-0.10481557375262492
7645.0,2026-09-24,134007.5856563265,134.00758565632648
7650.0,2026-09-24,-250736.3485058844,-250.73634850588442
7655.0,2026-09-24,660841.8394059953,660.8418394059953
7660.0,2026-09-24,-42013.26928104309,-42.01326928104309
7665.0,2026-09-24,71078.0297214774,71.0780297214774
7670.0,2026-09-24,98508.59173227241,98.50859173227241
7675.0,2026-09-24,-248811.20884405175,-248.81120884405175
7680.0,2026-09-24,48772.66942649189,48.772669426491895
7685.0,2026-09-24,70230.82491728406,70.23082491728405
7690.0,2026-09-24,46289.173566409794,46.289173566409794
7695.0,2026-09-24,141645.10047867303,141.64510047867304
7700.0,2026-09-24,-485035.69630749593,-485.0356963074959
7705.0,2026-09-24,39169.06324874819,39.169063248748195
7710.0,2026-09-24,85341.35520665995,85.34135520665996
7715.0,2026-09-24,-72527.15462043241,-72.52715462043241
7720.0,2026-09-24,-79014.31264137775,-79.01431264137776
7725.0,2026-09-24,-139083.00230597204,-139.08300230597203
7730.0,2026-09-24,112028.39185883396,112.02839185883396
7735.0,2026-09-24,169174.0308892363,169.17403088923632
7740.0,2026-09-24,133925.97094325884,133.92597094325885
7745.0,2026-09-24,62686.4080872416,62.6864080872416
7750.0,2026-09-24,378353.1732502322,378.3531732502322
7755.0,2026-09-24,121034.61964490297,121.03461964490296
7760.0,2026-09-24,147272.42727554977,147.27242727554977
7765.0,2026-09-24,47844.58725572138,47.84458725572138
7770.0,2026-09-24,113190.6709977003,113.19067099770031
7775.0,2026-09-24,164014.42013248478,164.0144201324848
7780.0,2026-09-24,196014.79411795182,196.01479411795182
7785.0,2026-09-24,66510.84117637282,66.51084117637282
7790.0,2026-09-24,95759.10609929157,95.75910609929157
7795.0,2026-09-24,92456.52713970428,92.45652713970428
7800.0,2026-09-24,439138.39643898694,439.13839643898694
7805.0,2026-09-24,97528.22330326331,97.5282233032633
7810.0,2026-09-24,128362.09535193472,128.36209535193473
7815.0,2026-09-24,61686.414348284925,61.68641434828493
7820.0,2026-09-24,83204.71882720735,83.20471882720736
7825.0,2026-09-24,198096.88925308996,198.09688925308996
7830.0,2026-09-24,168173.3360429001,168.1733360429001
7840.0,2026-09-24,85149.48417351981,85.14948417351981
7850.0,2026-09-24,77353.49843579513,77.35349843579513
7860.0,2026-09-24,36261.80910515971,36.261809105159706
7870.0,2026-09-24,28936.931332799188,28.936931332799187
7875.0,2026-09-24,45809.032626829154,45.80903262682915
7880.0,2026-09-24,12904.335603158961,12.90433560315896
7890.0,2026-09-24,22233.621794890605,22.233621794890606
7365.0,2026-09-25,-53922.07893430434,-53.922078934304345
7370.0,2026-09-25,-111021.39388224874,-111.02139388224874
7375.0,2026-09-25,-1211113.7535033626,-1211.1137535033627
7380.0,2026-09-25,-251646.71986751954,-251.64671986751955
7385.0,2026-09-25,-42374.57042779198,-42.37457042779198
7390.0,2026-09-25,-203681.40700384567,-203.68140700384566
7395.0,2026-09-25,-74025.5119443955,-74.0255119443955
7400.0,2026-09-25,-1782395.3245288224,-1782.3953245288224
7405.0,2026-09-25,-87748.11542787011,-87.74811542787012
7410.0,2026-09-25,-331476.2795416663,-331.4762795416663
7415.0,2026-09-25,-41665.4101292379,-41.6654101292379
7420.0,2026-09-25,-283217.61957862705,-283.2176195786271
7425.0,2026-09-25,-594965.0612688619,-594.9650612688619
7430.0,2026-09-25,-207205.89387684592,-207.20589387684592
7435.0,2026-09-25,-54606.17275186753,-54.60617275186753
7440.0,2026-09-25,-350151.4074150048,-350.15140741500477
7445.0,2026-09-25,-56187.391308519895,-56.18739130851989
7450.0,2026-09-25,-10601221.972318066,-10601.221972318066
7455.0,2026-09-25,-243785.11591767689,-243.78511591767688
7460.0,2026-09-25,-229429.6948401991,-229.42969484019912
7465.0,2026-09-25,-147624.09995723414,-147.62409995723414
7470.0,2026-09-25,-410014.5395113599,-410.0145395113599
7475.0,2026-09-25,-1137823.2448274733,-1137.8232448274732
7480.0,2026-09-25,-1162666.5910369256,-1162.6665910369256
7485.0,2026-09-25,-245098.6713178654,-245.0986713178654
7490.0,2026-09-25,-749450.9738215713,-749.4509738215713
7495.0,2026-09-25,-424361.9049006508,-424.36190490065076
7500.0,2026-09-25,-12631203.019654267,-12631.203019654267
7505.0,2026-09-25,-252865.39047145678,-252.86539047145678
7510.0,2026-09-25,-303176.8945818424,-303.1768945818424
7515.0,2026-09-25,-704328.9670382311,-704.3289670382311
7520.0,2026-09-25,-275979.36826164613,-275.97936826164613
7525.0,2026-09-25,-1248238.276851837,-1248.238276851837
7530.0,2026-09-25,-270059.56799743336,-270.05956799743336
7535.0,2026-09-25,-384353.672969165,-384.353672969165
7540.0,2026-09-25,-470076.2386439908,-470.0762386439908
7545.0,2026-09-25,-432653.5757239484,-432.65357572394845
7550.0,2026-09-25,-4998175.707686556,-4998.175707686555
7555.0,2026-09-25,-266515.1938787257,-266.5151938787257
7560.0,2026-09-25,-1062253.0630752917,-1062.2530630752917
7565.0,2026-09-25,-196549.51544343258,-196.54951544343257
7570.0,2026-09-25,-9654603.073473733,-9654.603073473732
7575.0,2026-09-25,-5940860.297914306,-5940.860297914306
7580.0,2026-09-25,-1294022.0023998313,-1294.0220023998313
7585.0,2026-09-25,-712447.854675286,-712.447854675286
7590.0,2026-09-25,-604316.415745482,-604.316415745482
7595.0,2026-09-25,-1225937.3811809795,-1225.9373811809796
7600.0,2026-09-25,-2253591.166589927,-2253.591166589927
7605.0,2026-09-25,16256.971223084489,16.256971223084488
7610.0,2026-09-25,-3479296.182664982,-3479.296182664982
7615.0,2026-09-25,-279092.0810319118,-279.0920810319118
7620.0,2026-09-25,-861095.0787417574,-861.0950787417574
7625.0,2026-09-25,-2351399.991944,-2351.3999919440002
7630.0,2026-09-25,-556755.1710933055,-556.7551710933054
7635.0,2026-09-25,-2876183.347456611,-2876.183347456611
7640.0,2026-09-25,-447626.7627290138,-447.6267627290138
7645.0,2026-09-25,130176.38449082326,130.17638449082327
7650.0,2026-09-25,-1643014.2902558148,-1643.0142902558148
7655.0,2026-09-25,-32962.93021324626,-32.96293021324626
7660.0,2026-09-25,-1817438.9510987676,-1817.4389510987676
7665.0,2026-09-25,790740.1273062475,790.7401273062475
7670.0,2026-09-25,-1101811.5147467554,-1101.8115147467554
7675.0,2026-09-25,1258061.84071313,1258.06184071313
7680.0,2026-09-25,-380368.7469429638,-380.3687469429638
7685.0,2026-09-25,68111.62140764971,68.11162140764971
7690.0,2026-09-25,-417439.4163625959,-417.4394163625959
7695.0,2026-09-25,-213795.9637833524,-213.7959637833524
7700.0,2026-09-25,3649648.038379292,3649.648038379292
7705.0,2026-09-25,176208.5968411999,176.2085968411999
7710.0,2026-09-25,-1385296.6517789504,-1385.2966517789503
7715.0,2026-09-25,68058.66540124733,68.05866540124732
7720.0,2026-09-25,-185047.80521408387,-185.04780521408387
7725.0,2026-09-25,1306262.8907919081,1306.2628907919081
7730.0,2026-09-25,748885.3388218315,748.8853388218315
7735.0,2026-09-25,-1826.5545860640705,-1.8265545860640704
7740.0,2026-09-25,92862.64364399668,92.86264364399668
7745.0,2026-09-25,432608.6906640626,432.60869066406264
7750.0,2026-09-25,590711.2479915516,590.7112479915517
7755.0,2026-09-25,230596.49553236895,230.59649553236895
7760.0,2026-09-25,71571.10222088918,71.57110222088919
7765.0,2026-09-25,444991.18332903436,444.99118332903436
7770.0,2026-09-25,267557.5114952436,267.5575114952436
7775.0,2026-09-25,856264.5997265462,856.2645997265462
7780.0,2026-09-25,1544770.4970360778,1544.7704970360778
7785.0,2026-09-25,296918.0168613413,296.9180168613413
7790.0,2026-09-25,1906811.115960609,1906.811115960609
7795.0,2026-09-25,123539.55585617048,123.53955585617048
7800.0,2026-09-25,2307775.730123776,2307.775730123776
7805.0,2026-09-25,226726.6936074111,226.7266936074111
7810.0,2026-09-25,363926.78427293384,363.92678427293384
7815.0,2026-09-25,41814.17349828809,41.814173498288085
7820.0,2026-09-25,214157.43732275764,214.15743732275763
7825.0,2026-09-25,1458492.7266457144,1458.4927266457144
7830.0,2026-09-25,123575.09758191818,123.57509758191817
7835.0,2026-09-25,68859.78442414649,68.8597844241465
7840.0,2026-09-25,1566028.8618974888,1566.028861897489
7845.0,2026-09-25,23023.705602852784,23.023705602852782
7850.0,2026-09-25,587906.0039841504,587.9060039841504
7855.0,2026-09-25,54245.91692588249,54.24591692588249
7860.0,2026-09-25,159828.44790720195,159.82844790720193
7865.0,2026-09-25,91661.87307932669,91.66187307932668
7870.0,2026-09-25,249536.69084714417,249.53669084714417
7875.0,2026-09-25,239058.27904082596,239.05827904082597
7880.0,2026-09-25,201134.289266478,201.13428926647802
7890.0,2026-09-25,139445.77916321304,139.44577916321305
7370.0,2026-09-28,-54059.1836512933,-54.0591836512933
7375.0,2026-09-28,-121502.93443682311,-121.50293443682311
7380.0,2026-09-28,-42373.93313538639,-42.37393313538639
7390.0,2026-09-28,-193053.83608039294,-193.05383608039293
7400.0,2026-09-28,-211405.0221851976,-211.4050221851976
7410.0,2026-09-28,-72109.55743000042,-72.10955743000042
7420.0,2026-09-28,-41083.21334887634,-41.08321334887634
7425.0,2026-09-28,-212618.04372040002,-212.6180437204
7430.0,2026-09-28,-112115.67363494403,-112.11567363494403
7440.0,2026-09-28,-68451.4470823292,-68.45144708232921
7450.0,2026-09-28,-1000587.3601832658,-1000.5873601832658
7455.0,2026-09-28,-139538.13855364613,-139.53813855364612
7460.0,2026-09-28,-30019.50735284842,-30.01950735284842
7470.0,2026-09-28,-97219.39081107343,-97.21939081107344
7475.0,2026-09-28,-281586.4472448724,-281.5864472448724
7480.0,2026-09-28,8278.19425436222,8.278194254362221
7485.0,2026-09-28,-51986.71595723497,-51.98671595723497
7490.0,2026-09-28,-62569.07290069511,-62.569072900695105
7495.0,2026-09-28,-40770.33553510524,-40.77033553510524
7500.0,2026-09-28,-1240469.2097760506,-1240.4692097760505
7505.0,2026-09-28,-202510.4148192075,-202.5104148192075
7510.0,2026-09-28,-71377.19981803466,-71.37719981803465
7515.0,2026-09-28,-191241.256635728,-191.241256635728
7520.0,2026-09-28,-93662.73874023398,-93.66273874023398
7525.0,2026-09-28,-224453.33576071833,-224.45333576071832
7530.0,2026-09-28,-52025.73511565803,-52.02573511565804
7535.0,2026-09-28,-609989.2940661594,-609.9892940661595
7540.0,2026-09-28,-561085.0346383951,-561.0850346383951
7545.0,2026-09-28,-467952.2666490005,-467.95226664900053
7550.0,2026-09-28,-531850.8849027902,-531.8508849027902
7555.0,2026-09-28,-104197.69599043665,-104.19769599043666
7560.0,2026-09-28,-198260.9688753148,-198.2609688753148
7565.0,2026-09-28,-94713.98051330441,-94.71398051330442
7570.0,2026-09-28,-251882.507839386,-251.882507839386
7575.0,2026-09-28,-283455.5570609678,-283.4555570609678
7580.0,2026-09-28,-79085.7137502761,-79.0857137502761
7585.0,2026-09-28,-59744.64065963253,-59.74464065963253
7590.0,2026-09-28,-113930.59730696415,-113.93059730696415
7595.0,2026-09-28,-149865.67705419616,-149.86567705419617
7600.0,2026-09-28,-1907315.5800230184,-1907.3155800230184
7605.0,2026-09-28,-266012.05093076744,-266.01205093076743
7610.0,2026-09-28,-35229.03153885613,-35.22903153885613
7615.0,2026-09-28,-106940.91761252176,-106.94091761252176
7620.0,2026-09-28,-35739.13206909622,-35.739132069096215
7625.0,2026-09-28,-808541.5323926987,-808.5415323926987
7630.0,2026-09-28,-438930.16582332266,-438.9301658233227
7635.0,2026-09-28,-352882.8397161736,-352.8828397161736
7640.0,2026-09-28,66152.07860185232,66.15207860185232
7645.0,2026-09-28,9176.299635978256,9.176299635978255
7650.0,2026-09-28,-250648.08995570464,-250.64808995570465
7655.0,2026-09-28,103376.4602214908,103.37646022149079
7660.0,2026-09-28,-168426.3596607353,-168.4263596607353
7665.0,2026-09-28,34627.269821006936,34.627269821006934
7670.0,2026-09-28,252351.1793245898,252.3511793245898
7675.0,2026-09-28,-56952.98179965973,-56.952981799659725
7680.0,2026-09-28,-225346.43029224293,-225.34643029224293
7685.0,2026-09-28,45246.03325250854,45.24603325250854
7690.0,2026-09-28,-169559.14735481382,-169.5591473548138
7695.0,2026-09-28,122496.92724488874,122.49692724488874
7700.0,2026-09-28,-229381.37594846007,-229.38137594846006
7705.0,2026-09-28,97394.8092667346,97.39480926673461
7710.0,2026-09-28,-123199.17544245714,-123.19917544245715
7715.0,2026-09-28,20073.843061395397,20.073843061395397
7720.0,2026-09-28,10266.161092653347,10.266161092653347
7725.0,2026-09-28,-46037.895555363444,-46.03789555536344
7730.0,2026-09-28,-96162.02393326117,-96.16202393326117
7735.0,2026-09-28,20262.21388792641,20.26221388792641
7740.0,2026-09-28,-7417.913010690128,-7.417913010690128
7745.0,2026-09-28,67862.34049737216,67.86234049737216
7750.0,2026-09-28,290096.94941470516,290.09694941470514
7760.0,2026-09-28,188416.7989727905,188.4167989727905
7770.0,2026-09-28,108331.39510923605,108.33139510923606
7775.0,2026-09-28,2809024.991713791,2809.024991713791
7780.0,2026-09-28,131861.7853945624,131.86178539456242
7790.0,2026-09-28,113580.56355115544,113.58056355115545
7800.0,2026-09-28,1431222.312895929,1431.222312895929
7810.0,2026-09-28,154698.84565397043,154.69884565397044
7820.0,2026-09-28,88027.29930714582,88.02729930714582
7825.0,2026-09-28,393328.7266811103,393.32872668111025
7830.0,2026-09-28,49553.93665033341,49.55393665033341
7840.0,2026-09-28,65700.39457309386,65.70039457309386
7850.0,2026-09-28,129433.27133518891,129.43327133518892
7860.0,2026-09-28,79057.46873573045,79.05746873573045
7870.0,2026-09-28,43313.897297198084,43.31389729719808
7875.0,2026-09-28,81642.16565582795,81.64216565582795
7880.0,2026-09-28,22443.845385611836,22.443845385611837
7890.0,2026-09-28,71966.70752364719,71.96670752364719
7370.0,2026-09-29,-12435.645239298146,-12.435645239298147
7375.0,2026-09-29,-79180.84373832277,-79.18084373832278
7380.0,2026-09-29,-88950.29312664478,-88.95029312664478
7390.0,2026-09-29,-131529.0111727058,-131.5290111727058
7400.0,2026-09-29,-191220.49592146417,-191.22049592146416
7410.0,2026-09-29,-16378.857303512677,-16.378857303512678
7420.0,2026-09-29,-51927.33942341268,-51.92733942341268
7425.0,2026-09-29,-64899.26847864862,-64.89926847864862
7430.0,2026-09-29,-201945.052831072,-201.94505283107202
7440.0,2026-09-29,-197120.7944195765,-197.1207944195765
7450.0,2026-09-29,-680125.5558407074,-680.1255558407074
7460.0,2026-09-29,-606806.5465440585,-606.8065465440585
7470.0,2026-09-29,-456477.1542890219,-456.47715428902194
7475.0,2026-09-29,-887662.0505764681,-887.6620505764681
7480.0,2026-09-29,-466017.0404738933,-466.0170404738933
7485.0,2026-09-29,-804908.1227221589,-804.9081227221589
7490.0,2026-09-29,-508584.556875317,-508.584556875317
7495.0,2026-09-29,-801212.6948861626,-801.2126948861627
7500.0,2026-09-29,-350956.7020620073,-350.95670206200725
7510.0,2026-09-29,-224156.39882752896,-224.15639882752896
7515.0,2026-09-29,-24059.53505052417,-24.05953505052417
7520.0,2026-09-29,-67215.30027088909,-67.21530027088909
7525.0,2026-09-29,-499852.161013167,-499.852161013167
7530.0,2026-09-29,-96436.8118280902,-96.4368118280902
7535.0,2026-09-29,-14826.029156943845,-14.826029156943845
7540.0,2026-09-29,-131054.52987532219,-131.05452987532217
7545.0,2026-09-29,-92983.15505403538,-92.98315505403538
7550.0,2026-09-29,-120519.70609660028,-120.51970609660027
7555.0,2026-09-29,-8212.437837084555,-8.212437837084556
7560.0,2026-09-29,-58299.91020129102,-58.29991020129102
7565.0,2026-09-29,16950.49907118525,16.950499071185252
7570.0,2026-09-29,-393686.84118440474,-393.6868411844047
7575.0,2026-09-29,-301051.962822794,-301.051962822794
7580.0,2026-09-29,-265742.6330126567,-265.7426330126567
7585.0,2026-09-29,-40971.8266114163,-40.9718266114163
7590.0,2026-09-29,-413394.17862249375,-413.39417862249377
7595.0,2026-09-29,-17868.86346354481,-17.86886346354481
7600.0,2026-09-29,-164993.64218531165,-164.99364218531164
7605.0,2026-09-29,38869.36776688606,38.869367766886064
7610.0,2026-09-29,-113218.24027494065,-113.21824027494064
7615.0,2026-09-29,47108.02754703461,47.10802754703461
7620.0,2026-09-29,-114944.5515952571,-114.9445515952571
7625.0,2026-09-29,9066.530723103351,9.066530723103352
7630.0,2026-09-29,-44664.289170581076,-44.66428917058108
7635.0,2026-09-29,-125345.46366155765,-125.34546366155764
7640.0,2026-09-29,-863.6945080391888,-0.8636945080391888
7645.0,2026-09-29,53840.99302249157,53.840993022491574
7650.0,2026-09-29,-486104.9591614688,-486.1049591614688
7655.0,2026-09-29,-11401.871477903846,-11.401871477903846
7660.0,2026-09-29,11200.80114603744,11.20080114603744
7665.0,2026-09-29,-2107.394470023748,-2.107394470023748
7670.0,2026-09-29,38360.631986555396,38.3606319865554
7675.0,2026-09-29,-89264.32084177685,-89.26432084177685
7680.0,2026-09-29,-18941.880178247236,-18.941880178247235
7685.0,2026-09-29,15327.732915324112,15.32773291532411
7690.0,2026-09-29,29759.216561527763,29.75921656152776
7695.0,2026-09-29,65689.79409793526,65.68979409793526
7700.0,2026-09-29,63795.04849886357,63.79504849886357
7705.0,2026-09-29,7427.912912872132,7.427912912872133
7710.0,2026-09-29,-57657.61687163207,-57.657616871632065
7715.0,2026-09-29,129383.88335054378,129.38388335054378
7720.0,2026-09-29,30148.507223974462,30.148507223974462
7725.0,2026-09-29,41880.636232612786,41.88063623261279
7730.0,2026-09-29,60247.862340781096,60.2478623407811
7735.0,2026-09-29,76446.47665854414,76.44647665854414
7740.0,2026-09-29,72668.88986314727,72.66888986314727
7745.0,2026-09-29,-3616.192439087947,-3.616192439087947
7750.0,2026-09-29,73656.28679268947,73.65628679268947
7760.0,2026-09-29,92340.3412811881,92.3403412811881
7770.0,2026-09-29,23533.526449029232,23.53352644902923
7775.0,2026-09-29,116583.03151860638,116.58303151860638
7780.0,2026-09-29,45611.173274290144,45.611173274290145
7790.0,2026-09-29,1350466.0790547451,1350.4660790547453
7800.0,2026-09-29,999446.1461824656,999.4461461824656
7810.0,2026-09-29,271251.61079553433,271.2516107955343
7820.0,2026-09-29,74075.99399961092,74.07599399961092
7825.0,2026-09-29,142055.55632956183,142.05555632956182
7830.0,2026-09-29,31365.235145780505,31.365235145780506
7840.0,2026-09-29,29021.649713805768,29.02164971380577
7850.0,2026-09-29,150601.18625334912,150.6011862533491
7860.0,2026-09-29,38244.672798416934,38.244672798416936
7870.0,2026-09-29,50150.85994166206,50.150859941662056
7875.0,2026-09-29,42571.52309252158,42.57152309252158
7880.0,2026-09-29,32162.767236111027,32.16276723611103
7890.0,2026-09-29,41440.25657264031,41.44025657264031
7365.0,2026-09-30,-125835.8417550128,-125.83584175501281
7370.0,2026-09-30,-99936.148528383,-99.936148528383
7375.0,2026-09-30,-202497.6450241247,-202.4976450241247
7380.0,2026-09-30,-498443.66556920845,-498.44366556920846
7385.0,2026-09-30,-37118.879092768446,-37.118879092768445
7390.0,2026-09-30,-133358.51447832867,-133.35851447832866
7395.0,2026-09-30,-145478.5210364539,-145.47852103645388
7400.0,2026-09-30,-5394351.15998591,-5394.35115998591
7405.0,2026-09-30,-191132.47036736965,-191.13247036736965
7410.0,2026-09-30,-625938.5001933535,-625.9385001933535
7415.0,2026-09-30,-124776.66970816537,-124.77666970816537
7420.0,2026-09-30,614761.4395875095,614.7614395875095
7425.0,2026-09-30,-635420.2792512989,-635.4202792512989
7430.0,2026-09-30,-404470.46286086994,-404.47046286086993
7435.0,2026-09-30,-267487.57872536907,-267.4875787253691
7440.0,2026-09-30,-783366.7763067433,-783.3667763067433
7445.0,2026-09-30,-177119.33360429652,-177.11933360429651
7450.0,2026-09-30,-6493182.894666633,-6493.182894666633
7455.0,2026-09-30,-129120.76872894487,-129.12076872894485
7460.0,2026-09-30,-536885.7400320672,-536.8857400320671
7465.0,2026-09-30,-289292.2705123364,-289.2922705123364
7470.0,2026-09-30,-172536.3610530926,-172.5363610530926
7475.0,2026-09-30,-2692729.805154459,-2692.729805154459
7480.0,2026-09-30,-469940.74203261745,-469.94074203261744
7485.0,2026-09-30,-301141.0851856561,-301.1410851856561
7490.0,2026-09-30,-162261.4460529816,-162.2614460529816
7495.0,2026-09-30,-417885.40023092466,-417.88540023092463
7500.0,2026-09-30,-31021928.891312234,-31021.928891312233
7505.0,2026-09-30,-15202.231327840418,-15.202231327840417
7510.0,2026-09-30,-1964368.120303743,-1964.3681203037431
7515.0,2026-09-30,-2355031.200992327,-2355.0312009923273
7520.0,2026-09-30,-250318.96886174486,-250.31896886174485
7525.0,2026-09-30,-22167292.29387818,-22167.292293878178
7530.0,2026-09-30,109727.25159975688,109.72725159975688
7535.0,2026-09-30,-346199.1488046413,-346.1991488046413
7540.0,2026-09-30,-533600.822591827,-533.6008225918271
7545.0,2026-09-30,-460565.6906557173,-460.5656906557173
7550.0,2026-09-30,-5743476.770568822,-5743.476770568822
7555.0,2026-09-30,-285077.9930000183,-285.0779930000183
7560.0,2026-09-30,-601555.0281918647,-601.5550281918647
7565.0,2026-09-30,-33790.835319468955,-33.790835319468954
7570.0,2026-09-30,-96793.97946201259,-96.79397946201259
7575.0,2026-09-30,-3271192.821753325,-3271.192821753325
7580.0,2026-09-30,-825584.1008412081,-825.5841008412082
7585.0,2026-09-30,-280177.565388854,-280.177565388854
7590.0,2026-09-30,-236177.55529496772,-236.17755529496773
7595.0,2026-09-30,-209124.25333204467,-209.12425333204467
7600.0,2026-09-30,-18245504.84328661,-18245.50484328661
7605.0,2026-09-30,-218895.13534034698,-218.895135340347
7610.0,2026-09-30,657278.0282766324,657.2780282766324
7615.0,2026-09-30,-351247.33510575176,-351.24733510575174
7620.0,2026-09-30,-278886.56679656444,-278.88656679656447
7625.0,2026-09-30,-2746209.6972698597,-2746.2096972698596
7630.0,2026-09-30,60952.88216812903,60.95288216812903
7635.0,2026-09-30,816129.3265461717,816.1293265461717
7640.0,2026-09-30,-260936.19631418574,-260.93619631418574
7645.0,2026-09-30,559835.6621168518,559.8356621168517
7650.0,2026-09-30,-5702364.442058492,-5702.364442058492
7655.0,2026-09-30,251024.8635321587,251.0248635321587
7660.0,2026-09-30,132461.36086739495,132.46136086739494
7665.0,2026-09-30,-81431.40454961255,-81.43140454961255
7670.0,2026-09-30,-259453.39527560578,-259.45339527560577
7675.0,2026-09-30,1369218.099830077,1369.218099830077
7680.0,2026-09-30,77849.5599290515,77.8495599290515
7685.0,2026-09-30,-487164.8200768067,-487.1648200768067
7690.0,2026-09-30,14966.225633277441,14.96622563327744
7695.0,2026-09-30,678686.6000556543,678.6866000556543
7700.0,2026-09-30,-9064271.64441149,-9064.271644411489
7705.0,2026-09-30,-43191.84667353495,-43.19184667353495
7710.0,2026-09-30,453635.2143880034,453.6352143880034
7715.0,2026-09-30,98759.40108330964,98.75940108330964
7720.0,2026-09-30,-62988.588504609244,-62.98858850460925
7725.0,2026-09-30,1005163.4318459088,1005.1634318459088
7730.0,2026-09-30,669485.4815992506,669.4854815992505
7735.0,2026-09-30,169676.31575483843,169.67631575483844
7740.0,2026-09-30,187125.28833951836,187.12528833951836
7745.0,2026-09-30,36048.28027966648,36.04828027966648
7750.0,2026-09-30,5117256.644119861,5117.2566441198605
7755.0,2026-09-30,578213.6729765268,578.2136729765268
7760.0,2026-09-30,1166900.9715009567,1166.9009715009568
7765.0,2026-09-30,1248162.4090143624,1248.1624090143623
7770.0,2026-09-30,1560877.018007926,1560.877018007926
7775.0,2026-09-30,918728.327725852,918.7283277258521
7780.0,2026-09-30,462482.0312157504,462.4820312157504
7785.0,2026-09-30,4503421.811496566,4503.421811496566
7790.0,2026-09-30,4872282.923497376,4872.282923497376
7795.0,2026-09-30,1287851.8947896857,1287.8518947896857
7800.0,2026-09-30,9336274.064334296,9336.274064334295
7805.0,2026-09-30,181438.25424620803,181.43825424620803
7810.0,2026-09-30,405421.2674021963,405.4212674021963
7815.0,2026-09-30,306514.0220150977,306.51402201509774
7820.0,2026-09-30,878521.9196576142,878.5219196576141
7825.0,2026-09-30,2913966.5289984457,2913.966528998446
7830.0,2026-09-30,444243.05697335897,444.243056973359
7835.0,2026-09-30,476617.9089280309,476.61790892803094
7840.0,2026-09-30,326417.67376162263,326.4176737616226
7845.0,2026-09-30,231616.07211881236,231.61607211881235
7850.0,2026-09-30,3872289.1367093963,3872.289136709396
7855.0,2026-09-30,90200.4994847036,90.2004994847036
7860.0,2026-09-30,490549.8279946726,490.54982799467257
7865.0,2026-09-30,79703.5695333008,79.70356953330081
7870.0,2026-09-30,362747.62312470964,362.74762312470966
7875.0,2026-09-30,1167069.6023764606,1167.0696023764606
7880.0,2026-09-30,264646.3863888874,264.64638638888744
7885.0,2026-09-30,46692.73242396601,46.69273242396601
7890.0,2026-09-30,5296165.618093068,5296.165618093068
7895.0,2026-09-30,81504.46560602215,81.50446560602215
7370.0,2026-10-01,-27363.234289802687,-27.363234289802687
7375.0,2026-10-01,-82335.75203517855,-82.33575203517854
7380.0,2026-10-01,-28115.533179072194,-28.115533179072195
7390.0,2026-10-01,-17866.581384495617,-17.866581384495618
7400.0,2026-10-01,-137974.0949898938,-137.9740949898938
7410.0,2026-10-01,-25824.186420878308,-25.82418642087831
7420.0,2026-10-01,-19154.081451417405,-19.154081451417404
7425.0,2026-10-01,-114557.40303546605,-114.55740303546605
7430.0,2026-10-01,-150999.3457767173,-150.9993457767173
7440.0,2026-10-01,-47587.595507447295,-47.5875955074473
7445.0,2026-10-01,-5419.07002251717,-5.41907002251717
7450.0,2026-10-01,-118649.25802175121,-118.64925802175121
7455.0,2026-10-01,-11382.774236746262,-11.382774236746261
7460.0,2026-10-01,-30126.511018739133,-30.126511018739134
7470.0,2026-10-01,-52075.43192031368,-52.075431920313676
7475.0,2026-10-01,-85807.51086067893,-85.80751086067893
7480.0,2026-10-01,-20332.17851241392,-20.332178512413922
7485.0,2026-10-01,-23007.790418170454,-23.007790418170455
7490.0,2026-10-01,-78517.17966697003,-78.51717966697002
7495.0,2026-10-01,-12631.670263908794,-12.631670263908795
7500.0,2026-10-01,-168810.41272159736,-168.81041272159734
7505.0,2026-10-01,-8413.591548340197,-8.413591548340197
7510.0,2026-10-01,-63987.90101533727,-63.98790101533727
7520.0,2026-10-01,-45044.27271057438,-45.04427271057438
7525.0,2026-10-01,-430704.897751571,-430.704897751571
7530.0,2026-10-01,-30149.628591242952,-30.14962859124295
7540.0,2026-10-01,-118110.94092292553,-118.11094092292552
7550.0,2026-10-01,-128238.57142168916,-128.23857142168916
7560.0,2026-10-01,-109762.59258577708,-109.76259258577707
7570.0,2026-10-01,-43770.41846565511,-43.770418465655105
7575.0,2026-10-01,-263347.1279654014,-263.3471279654014
7580.0,2026-10-01,-62317.438041536756,-62.317438041536754
7590.0,2026-10-01,-82026.50157136253,-82.02650157136253
7595.0,2026-10-01,-38140.33990008391,-38.140339900083916
7600.0,2026-10-01,-237973.44706678932,-237.9734470667893
7605.0,2026-10-01,14055.406991818041,14.05540699181804
7610.0,2026-10-01,141543.63027271582,141.54363027271583
7620.0,2026-10-01,-69482.85229584086,-69.48285229584086
7625.0,2026-10-01,-254977.22514275298,-254.97722514275299
7630.0,2026-10-01,-27885.948703616275,-27.885948703616275
7635.0,2026-10-01,-112693.69030796761,-112.69369030796761
7640.0,2026-10-01,747.0570692760957,0.7470570692760957
7645.0,2026-10-01,-11928.512086753015,-11.928512086753015
7650.0,2026-10-01,-54159.36815152342,-54.159368151523424
7660.0,2026-10-01,88639.21446020788,88.63921446020788
7665.0,2026-10-01,10833.217910199055,10.833217910199055
7670.0,2026-10-01,85472.08276871918,85.47208276871918
7675.0,2026-10-01,-142255.3678953015,-142.2553678953015
7680.0,2026-10-01,192067.45327708928,192.06745327708927
7690.0,2026-10-01,29130.888997480288,29.130888997480287
7700.0,2026-10-01,-70717.90289633756,-70.71790289633756
7710.0,2026-10-01,40915.95982030801,40.91595982030801
7720.0,2026-10-01,104581.3207578421,104.5813207578421
7725.0,2026-10-01,171961.78584256364,171.96178584256364
7730.0,2026-10-01,25084.007019550838,25.08400701955084
7740.0,2026-10-01,55377.121000977284,55.37712100097728
7750.0,2026-10-01,21620.716693854483,21.620716693854483
7760.0,2026-10-01,41092.79876326578,41.09279876326578
7770.0,2026-10-01,16935.958031876195,16.935958031876194
7775.0,2026-10-01,41629.920398775874,41.62992039877587
7780.0,2026-10-01,192807.67931237895,192.80767931237895
7790.0,2026-10-01,187387.8448868131,187.3878448868131
7800.0,2026-10-01,410037.8043252781,410.0378043252781
7810.0,2026-10-01,65447.70177217738,65.44770177217738
7820.0,2026-10-01,38694.102786041105,38.69410278604111
7825.0,2026-10-01,111743.58387308128,111.74358387308128
7830.0,2026-10-01,14518.826544348582,14.518826544348581
7840.0,2026-10-01,20377.950628575796,20.377950628575796
7850.0,2026-10-01,203329.42617447808,203.32942617447807
7860.0,2026-10-01,5926.038891945993,5.926038891945993
7870.0,2026-10-01,30060.018586166505,30.060018586166503
7875.0,2026-10-01,806220.2256346641,806.2202256346641
7880.0,2026-10-01,19787.685372557436,19.787685372557437
7890.0,2026-10-01,35752.21191339554,35.75221191339554
7370.0,2026-10-02,-87030.73063152582,-87.03073063152581
7375.0,2026-10-02,-357001.7569303075,-357.00175693030747
7380.0,2026-10-02,-242643.0959444035,-242.64309594440348
7390.0,2026-10-02,-131648.0010626918,-131.6480010626918
7400.0,2026-10-02,-1601160.6020953374,-1601.1606020953373
7410.0,2026-10-02,-177371.9987594221,-177.3719987594221
7420.0,2026-10-02,-71746.48500093407,-71.74648500093407
7425.0,2026-10-02,-626670.2894613963,-626.6702894613962
7430.0,2026-10-02,-93850.95402977787,-93.85095402977787
7440.0,2026-10-02,-192409.42372765523,-192.40942372765522
7445.0,2026-10-02,-19681.315516883544,-19.681315516883544
7450.0,2026-10-02,-622103.9894772659,-622.1039894772658
7455.0,2026-10-02,-10303.727323136876,-10.303727323136876
7460.0,2026-10-02,-243594.12143556823,-243.59412143556824
7465.0,2026-10-02,-70599.99831646847,-70.59999831646847
7470.0,2026-10-02,-157412.00214761728,-157.41200214761727
7475.0,2026-10-02,-265322.2305183958,-265.32223051839577
7480.0,2026-10-02,-118494.38163573487,-118.49438163573487
7485.0,2026-10-02,-239220.0676315373,-239.2200676315373
7490.0,2026-10-02,-261980.8025222771,-261.9808025222771
7495.0,2026-10-02,-164172.1735410335,-164.1721735410335
7500.0,2026-10-02,-1968612.6073244498,-1968.6126073244498
7505.0,2026-10-02,-21635.346418636353,-21.635346418636352
7510.0,2026-10-02,-461611.4976966852,-461.6114976966852
7515.0,2026-10-02,-82944.29778205618,-82.94429778205618
7520.0,2026-10-02,-205994.02145372835,-205.99402145372835
7525.0,2026-10-02,-793962.6575949142,-793.9626575949142
7530.0,2026-10-02,-366345.89417633874,-366.34589417633873
7535.0,2026-10-02,-95545.4673888884,-95.5454673888884
7540.0,2026-10-02,-163105.7555055282,-163.1057555055282
7545.0,2026-10-02,-47809.38246499559,-47.80938246499559
7550.0,2026-10-02,-1032978.6811080053,-1032.9786811080053
7555.0,2026-10-02,-197212.38507460686,-197.21238507460686
7560.0,2026-10-02,-198374.89340246227,-198.37489340246228
7565.0,2026-10-02,-217598.91644999487,-217.59891644999487
7570.0,2026-10-02,-514605.483749991,-514.605483749991
7575.0,2026-10-02,-447383.6720945812,-447.3836720945812
7580.0,2026-10-02,-606937.2335915156,-606.9372335915156
7585.0,2026-10-02,-3730.4270054843655,-3.7304270054843656
7590.0,2026-10-02,-306650.89832774806,-306.65089832774805
7595.0,2026-10-02,-33913.37079021933,-33.913370790219325
7600.0,2026-10-02,-871135.3297901881,-871.1353297901882
7605.0,2026-10-02,-10857.07918982592,-10.85707918982592
7610.0,2026-10-02,-92878.21169441217,-92.87821169441217
7615.0,2026-10-02,57220.52401380744,57.220524013807434
7620.0,2026-10-02,-360383.6325745009,-360.38363257450095
7625.0,2026-10-02,-1582479.0644917046,-1582.4790644917045
7630.0,2026-10-02,-295280.5072444213,-295.2805072444213
7635.0,2026-10-02,-11420.71652560297,-11.42071652560297
7640.0,2026-10-02,-369553.85337266,-369.55385337266
7645.0,2026-10-02,-54078.754369271395,-54.078754369271394
7650.0,2026-10-02,-242509.87795845757,-242.50987795845757
7655.0,2026-10-02,-149486.81920403472,-149.48681920403473
7660.0,2026-10-02,-66622.03394290479,-66.62203394290479
7665.0,2026-10-02,51262.39939646036,51.26239939646036
7670.0,2026-10-02,-467098.54873723653,-467.0985487372365
7675.0,2026-10-02,-590330.6417541336,-590.3306417541336
7680.0,2026-10-02,96012.5421972759,96.0125421972759
7685.0,2026-10-02,-44769.40510426203,-44.76940510426203
7690.0,2026-10-02,-102444.81973129915,-102.44481973129915
7695.0,2026-10-02,79813.4804541373,79.8134804541373
7700.0,2026-10-02,-450274.94356605504,-450.274943566055
7705.0,2026-10-02,-143126.64711286195,-143.12664711286195
7710.0,2026-10-02,151786.59820236228,151.78659820236228
7715.0,2026-10-02,-19248.61428059003,-19.24861428059003
7720.0,2026-10-02,-142084.51150630316,-142.08451150630316
7725.0,2026-10-02,-1069282.7988392087,-1069.2827988392087
7730.0,2026-10-02,253200.40422717325,253.20040422717324
7735.0,2026-10-02,243999.9537815428,243.9999537815428
7740.0,2026-10-02,-61861.134286010056,-61.861134286010056
7745.0,2026-10-02,-116639.82850239538,-116.63982850239537
7750.0,2026-10-02,171325.34121311363,171.32534121311363
7755.0,2026-10-02,59573.69266572373,59.573692665723726
7760.0,2026-10-02,268582.25237611023,268.58225237611026
7765.0,2026-10-02,73017.41654790772,73.01741654790771
7770.0,2026-10-02,437147.03890157497,437.14703890157494
7775.0,2026-10-02,289970.88784833334,289.97088784833335
7780.0,2026-10-02,118020.37860049595,118.02037860049596
7785.0,2026-10-02,47372.91628406465,47.37291628406465
7790.0,2026-10-02,453842.40408418595,453.84240408418594
7795.0,2026-10-02,13756.454820698176,13.756454820698176
7800.0,2026-10-02,2709039.765257802,2709.0397652578017
7810.0,2026-10-02,328074.94348031445,328.07494348031446
7820.0,2026-10-02,205095.6200026484,205.0956200026484
7825.0,2026-10-02,778685.4004852138,778.6854004852138
7830.0,2026-10-02,2506736.9983639526,2506.736998363953
7840.0,2026-10-02,249903.161902515,249.90316190251502
7850.0,2026-10-02,1850545.879789805,1850.545879789805
7860.0,2026-10-02,148859.0173524688,148.8590173524688
7870.0,2026-10-02,168780.39471602754,168.78039471602753
7875.0,2026-10-02,378032.24313367106,378.03224313367105
7880.0,2026-10-02,325909.6358122161,325.9096358122161
7890.0,2026-10-02,117061.63543576362,117.06163543576362
